dataset,attr,source,target,magnitude,model,seed,acc_s,acc_t,delta,prior_s,prior_t,cov_part,yx_part,ks_mean,ks_max,wass_mean,psi_mean,mmd,dc_auc,iws_wass,iws_ks,conf_drop,pred_shift,atc_drop,iw_drop,disagree_inc
synthetic,important,base,important@0.0,0.0,logreg,0,0.803,0.7956666666666666,0.007333333333333414,0.45966666666666667,0.44666666666666666,0.0030718200330809298,0.004261513300252484,0.025933333333333336,0.032,0.04028238861792051,0.006151058580884984,0.00025231865188291014,0.5,0.04953525154550106,0.027590443121693124,-0.0003273643182156727,0.002994291803049387,-0.022333333333333316,0.0030718200330809298,-0.0026666666666666505
synthetic,important,base,important@0.0,0.0,gbdt,0,0.8776666666666667,0.8756666666666667,0.0020000000000000018,0.45966666666666667,0.44666666666666666,-0.005004351016631103,0.007004351016631105,0.025933333333333336,0.032,0.04028238861792051,0.006151058580884984,0.00025231865188291014,0.5,0.048040194127497264,0.02655817911082748,-0.001201805215761187,0.007486936844605829,-0.007333333333333303,-0.005004351016631103,-0.0026666666666666505
synthetic,important,base,important@0.0,0.0,mlp,0,0.8776666666666667,0.8703333333333333,0.007333333333333414,0.45966666666666667,0.44666666666666666,-0.007572334879992981,0.014905668213326395,0.025933333333333336,0.032,0.04028238861792051,0.006151058580884984,0.00025231865188291014,0.5,0.048040674591313,0.02650342319212666,0.00024466503482312163,0.007886656945982562,-0.006000000000000005,-0.007572334879992981,-0.0013333333333333322
synthetic,important,base,important@0.25,0.25,logreg,0,0.803,0.8183333333333334,-0.01533333333333331,0.45966666666666667,0.5543333333333333,-0.01983597182883079,0.00450263849549748,0.05163333333333333,0.12333333333333334,0.10497815341868141,0.024119355381716365,0.00684794343117634,0.5830115555555555,0.23704984223438816,0.10256365740740743,-0.004649313352564133,0.10193112743082522,-0.011666666666666603,-0.01983597182883079,-0.022333333333333316
synthetic,important,base,important@0.25,0.25,gbdt,0,0.8776666666666667,0.8806666666666667,-0.0030000000000000027,0.45966666666666667,0.5543333333333333,-0.008738052246155648,0.005738052246155645,0.05163333333333333,0.12333333333333334,0.10497815341868141,0.024119355381716365,0.00684794343117634,0.5830115555555555,0.24469966131775545,0.10646713465220162,-0.002279612875341397,0.10096822092562618,-0.0013333333333332975,-0.008738052246155648,-0.022333333333333316
synthetic,important,base,important@0.25,0.25,mlp,0,0.8776666666666667,0.8766666666666667,0.0010000000000000009,0.45966666666666667,0.5543333333333333,-0.016946442195231115,0.017946442195231116,0.05163333333333333,0.12333333333333334,0.10497815341868141,0.024119355381716365,0.00684794343117634,0.5830115555555555,0.2453760904362064,0.10675267436884898,-0.007153357059862864,0.10701043227959683,-0.008333333333333304,-0.016946442195231115,0.008
synthetic,important,base,important@0.5,0.5,logreg,0,0.803,0.8236666666666667,-0.02066666666666661,0.45966666666666667,0.6603333333333333,-0.0037481073423605293,-0.01691855932430608,0.0736,0.20066666666666666,0.17000796161606715,0.07328449695396336,0.02498348096149594,0.6921372222222222,0.4915789141069196,0.1984122023809524,-0.018092996864025546,0.20552980497600493,-0.018999999999999906,-0.0037481073423605293,-0.01899999999999999
synthetic,important,base,important@0.5,0.5,gbdt,0,0.8776666666666667,0.8953333333333333,-0.01766666666666661,0.45966666666666667,0.6603333333333333,-0.009028271085505968,-0.00863839558116064,0.0736,0.20066666666666666,0.17000796161606715,0.07328449695396336,0.02498348096149594,0.6921372222222222,0.49100657525258484,0.1962423952350563,-0.007885446923129535,0.19993443985888026,-0.017000000000000015,-0.009028271085505968,-0.01899999999999999
synthetic,important,base,important@0.5,0.5,mlp,0,0.8776666666666667,0.8893333333333333,-0.011666666666666603,0.45966666666666667,0.6603333333333333,-0.01080006831982483,-0.0008665983468417737,0.0736,0.20066666666666666,0.17000796161606715,0.07328449695396336,0.02498348096149594,0.6921372222222222,0.49194259363948045,0.19649347454000862,-0.01180116280269261,0.20991259830714037,-0.01100000000000001,-0.01080006831982483,0.0026666666666666644
synthetic,important,base,important@1.0,1.0,logreg,0,0.803,0.8796666666666667,-0.07666666666666666,0.45966666666666667,0.8226666666666667,-0.03405214867724149,-0.04261451798942517,0.12833333333333333,0.39666666666666667,0.3216869855430427,0.28461967281941336,0.0914685652444398,0.8709781111111111,1.0145117769180445,0.38454679232804245,-0.09522662469691423,0.3777280436927979,-0.11299999999999999,-0.03405214867724149,-0.059999999999999984
synthetic,important,base,important@1.0,1.0,gbdt,0,0.8776666666666667,0.933,-0.055333333333333345,0.45966666666666667,0.8226666666666667,-0.0587498497138752,0.0034165163805418564,0.12833333333333333,0.39666666666666667,0.3216869855430427,0.28461967281941336,0.0914685652444398,0.8709781111111111,1.0005210850956805,0.3798728993831098,-0.04057321941354497,0.3580867698427611,-0.05999999999999994,-0.0587498497138752,-0.059999999999999984
synthetic,important,base,important@1.0,1.0,mlp,0,0.8776666666666667,0.927,-0.04933333333333334,0.45966666666666667,0.8226666666666667,-0.054488321697437336,0.005154988364103996,0.12833333333333333,0.39666666666666667,0.3216869855430427,0.28461967281941336,0.0914685652444398,0.8709781111111111,1.00197445668737,0.38042351305092015,-0.04958142445008795,0.37476116110915103,-0.06033333333333324,-0.054488321697437336,-0.004666666666666666
synthetic,important,base,important@1.5,1.5,logreg,0,0.803,0.9213333333333333,-0.11833333333333329,0.45966666666666667,0.9066666666666666,-0.045361441103139,-0.07297189223019429,0.18030000000000002,0.5563333333333333,0.47086460664757573,0.589157052301186,0.19194759297070518,0.957011111111111,1.4804057169871883,0.5411438492063493,-0.1598647959031797,0.4701539122468126,-0.16333333333333333,-0.045361441103139,-0.08933333333333332
synthetic,important,base,important@1.5,1.5,gbdt,0,0.8776666666666667,0.946,-0.06833333333333325,0.45966666666666667,0.9066666666666666,-0.0879209989220392,0.01958766558870595,0.18030000000000002,0.5563333333333333,0.47086460664757573,0.589157052301186,0.19194759297070518,0.957011111111111,1.4706545937485145,0.538653903424803,-0.056798434149841426,0.4285637691718166,-0.08599999999999997,-0.0879209989220392,-0.08933333333333332
synthetic,important,base,important@1.5,1.5,mlp,0,0.8776666666666667,0.941,-0.06333333333333324,0.45966666666666667,0.9066666666666666,-0.07424609071020138,0.010912757376868143,0.18030000000000002,0.5563333333333333,0.47086460664757573,0.589157052301186,0.19194759297070518,0.957011111111111,1.4730818412039959,0.5395578733418915,-0.07082431064085659,0.441303176903057,-0.08166666666666667,-0.07424609071020138,-0.005666666666666667
synthetic,important,base,important@2.0,2.0,logreg,0,0.803,0.9526666666666667,-0.14966666666666661,0.45966666666666667,0.9506666666666667,-0.052783480895559176,-0.09688318577110744,0.21966666666666668,0.6926666666666667,0.6157343657991481,0.9745122168995557,0.3219892660168393,0.989095,1.968190920321364,0.6770896164021164,-0.19982840328410467,0.5179594311306377,-0.19099999999999995,-0.052783480895559176,-0.11133333333333331
synthetic,important,base,important@2.0,2.0,gbdt,0,0.8776666666666667,0.974,-0.09633333333333327,0.45966666666666667,0.9506666666666667,-0.1056812000121935,0.009347866678860228,0.21966666666666668,0.6926666666666667,0.6157343657991481,0.9745122168995557,0.3219892660168393,0.989095,1.961527592519972,0.6758406721974045,-0.06444653659389321,0.4599060282409628,-0.10166666666666657,-0.1056812000121935,-0.11133333333333331
synthetic,important,base,important@2.0,2.0,mlp,0,0.8776666666666667,0.9626666666666667,-0.08499999999999996,0.45966666666666667,0.9506666666666667,-0.08441954774016669,-0.0005804522598332751,0.21966666666666668,0.6926666666666667,0.6157343657991481,0.9745122168995557,0.3219892660168393,0.989095,1.9648519765572035,0.6770140136927688,-0.08601860694214791,0.47305239537653454,-0.10033333333333327,-0.08441954774016669,-0.016
synthetic,spread,base,spread@0.0,0.0,logreg,0,0.803,0.813,-0.009999999999999898,0.45966666666666667,0.43866666666666665,0.00014950589858597763,-0.010149505898585875,0.025133333333333334,0.041666666666666664,0.036352803559724305,0.00632589992224554,3.8431135568561814e-05,0.5,0.043384729403881196,0.03107969576719577,0.0027629388960236367,0.009935927306887027,0.0033333333333334103,0.00014950589858597763,-0.016999999999999987
synthetic,spread,base,spread@0.0,0.0,gbdt,0,0.8776666666666667,0.8873333333333333,-0.009666666666666601,0.45966666666666667,0.43866666666666665,0.0053917577698866515,-0.015058424436553253,0.025133333333333334,0.041666666666666664,0.036352803559724305,0.00632589992224554,3.8431135568561814e-05,0.5,0.038866610478915806,0.028120931716656025,0.00010715312182618675,0.015567247662279904,-0.0043333333333333,0.0053917577698866515,-0.016999999999999987
synthetic,spread,base,spread@0.0,0.0,mlp,0,0.8776666666666667,0.8833333333333333,-0.005666666666666598,0.45966666666666667,0.43866666666666665,0.002824504866671962,-0.00849117153333856,0.025133333333333334,0.041666666666666664,0.036352803559724305,0.00632589992224554,3.8431135568561814e-05,0.5,0.038793085692566405,0.028064505776636717,-0.001194954637257828,0.01258382665534935,0.00033333333333340764,0.002824504866671962,0.0013333333333333322
synthetic,spread,base,spread@0.25,0.25,logreg,0,0.803,0.758,0.04500000000000004,0.45966666666666667,0.44766666666666666,0.039768681431907704,0.005231318568092336,0.034333333333333334,0.074,0.06886611203876686,0.019487702331126417,0.0015178941022050418,0.5746586666666667,0.11115923663740429,0.052940972222222236,-0.012282905055650328,0.002420897159072899,-0.01533333333333331,0.039768681431907704,0.026666666666666672
synthetic,spread,base,spread@0.25,0.25,gbdt,0,0.8776666666666667,0.874,0.003666666666666707,0.45966666666666667,0.44766666666666666,-0.007560411650111232,0.011227078316777939,0.034333333333333334,0.074,0.06886611203876686,0.019487702331126417,0.0015178941022050418,0.5746586666666667,0.13192372779060668,0.05552393107849392,0.00669916998818354,0.011343661111680836,0.003666666666666707,-0.007560411650111232,0.026666666666666672
synthetic,spread,base,spread@0.25,0.25,mlp,0,0.8776666666666667,0.8663333333333333,0.011333333333333417,0.45966666666666667,0.44766666666666666,0.003035965044830946,0.008297368288502471,0.034333333333333334,0.074,0.06886611203876686,0.019487702331126417,0.0015178941022050418,0.5746586666666667,0.13286302050803853,0.05574133504492941,0.003527464906047273,0.00662898402584694,0.0,0.003035965044830946,0.019666666666666673
synthetic,spread,base,spread@0.5,0.5,logreg,0,0.803,0.7076666666666667,0.09533333333333338,0.45966666666666667,0.449,0.10586481022243321,-0.010531476889099833,0.03889999999999999,0.108,0.10581164155767035,0.04552812812855385,0.006814550788612261,0.6631833333333333,0.20558113672969155,0.06467691798941799,-0.03197200363295449,0.0006618259224949186,-0.041999999999999926,0.10586481022243321,0.093
synthetic,spread,base,spread@0.5,0.5,gbdt,0,0.8776666666666667,0.868,0.009666666666666712,0.45966666666666667,0.449,-0.01181322473477009,0.0214798914014368,0.03889999999999999,0.108,0.10581164155767035,0.04552812812855385,0.006814550788612261,0.6631833333333333,0.25885057409396667,0.0764602212295256,0.00907469638102898,0.01636673199504224,0.011333333333333417,-0.01181322473477009,0.093
synthetic,spread,base,spread@0.5,0.5,mlp,0,0.8776666666666667,0.8626666666666667,0.015000000000000013,0.45966666666666667,0.449,0.013006883038164663,0.0019931169618353506,0.03889999999999999,0.108,0.10581164155767035,0.04552812812855385,0.006814550788612261,0.6631833333333333,0.26106284014594283,0.07692993153615749,-0.00021961138960091553,0.0146270490878751,-0.0030000000000000027,0.013006883038164663,0.022
synthetic,spread,base,spread@1.0,1.0,logreg,0,0.803,0.6353333333333333,0.16766666666666674,0.45966666666666667,0.452,0.1636726043488358,0.003994062317830949,0.057433333333333336,0.17633333333333334,0.1934722013806626,0.10521279929531524,0.02407084566552853,0.7758747777777777,0.3911506207067244,0.0977344576719577,-0.056147404319382144,0.007248488744806658,-0.059666666666666646,0.1636726043488358,0.1846666666666667
synthetic,spread,base,spread@1.0,1.0,gbdt,0,0.8776666666666667,0.8586666666666667,0.019000000000000017,0.45966666666666667,0.452,-0.0237294280694873,0.04272942806948732,0.057433333333333336,0.17633333333333334,0.1934722013806626,0.10521279929531524,0.02407084566552853,0.7758747777777777,0.501201500515021,0.11903531163582211,0.019201567202177916,0.012027467706145989,0.01866666666666672,-0.0237294280694873,0.1846666666666667
synthetic,spread,base,spread@1.0,1.0,mlp,0,0.8776666666666667,0.838,0.03966666666666674,0.45966666666666667,0.452,0.017060222794711644,0.022606443871955095,0.057433333333333336,0.17633333333333334,0.1934722013806626,0.10521279929531524,0.02407084566552853,0.7758747777777777,0.5058362204122648,0.11991677364142067,-0.004747542257805049,0.009361162271769863,-0.009333333333333305,0.017060222794711644,0.05533333333333334
synthetic,spread,base,spread@1.5,1.5,logreg,0,0.803,0.6016666666666667,0.20133333333333336,0.45966666666666667,0.454,0.21518452674907884,-0.013851193415745477,0.060899999999999996,0.21,0.2584460050547852,0.15340408076986878,0.05209019270633619,0.8288784444444446,0.5226748007257878,0.10707027116402117,-0.08047099748056508,0.007343751519720443,-0.08966666666666667,0.21518452674907884,0.22200000000000003
synthetic,spread,base,spread@1.5,1.5,gbdt,0,0.8776666666666667,0.8376666666666667,0.040000000000000036,0.45966666666666667,0.454,-0.01697394817006348,0.056973948170063515,0.060899999999999996,0.21,0.2584460050547852,0.15340408076986878,0.05209019270633619,0.8288784444444446,0.6985366499686888,0.13506945330780679,0.02692186668544483,0.00787200725127507,0.031000000000000028,-0.01697394817006348,0.22200000000000003
synthetic,spread,base,spread@1.5,1.5,mlp,0,0.8776666666666667,0.809,0.06866666666666665,0.45966666666666667,0.454,0.04560734230580077,0.023059324360865885,0.060899999999999996,0.21,0.2584460050547852,0.15340408076986878,0.05209019270633619,0.8288784444444446,0.7054033579971918,0.13612665810868638,-0.007845647157909585,0.002598247051675495,-0.01200000000000001,0.04560734230580077,0.07400000000000001
synthetic,spread,base,spread@2.0,2.0,logreg,0,0.803,0.584,0.21900000000000008,0.45966666666666667,0.45166666666666666,0.2504524689636676,-0.03145246896366749,0.06556666666666666,0.24366666666666667,0.34375978920317246,0.2008707043422171,0.084434709457053,0.8824614444444445,0.7120102647414296,0.11464417989417992,-0.09744512012205808,0.020450539921547328,-0.10566666666666658,0.2504524689636676,0.27266666666666667
synthetic,spread,base,spread@2.0,2.0,gbdt,0,0.8776666666666667,0.8093333333333333,0.06833333333333336,0.45966666666666667,0.45166666666666666,0.0010537478412767642,0.06727958549205659,0.06556666666666666,0.24366666666666667,0.34375978920317246,0.2008707043422171,0.084434709457053,0.8824614444444445,0.9528695467237466,0.15012656881514566,0.02861231456846014,0.0021151295995588404,0.027666666666666728,0.0010537478412767642,0.27266666666666667
synthetic,spread,base,spread@2.0,2.0,mlp,0,0.8776666666666667,0.752,0.1256666666666667,0.45966666666666667,0.45166666666666666,0.0636560740828227,0.062010592583844004,0.06556666666666666,0.24366666666666667,0.34375978920317246,0.2008707043422171,0.084434709457053,0.8824614444444445,0.9628631444894069,0.1516143560119812,-0.019251726843607764,0.0029231063381149336,-0.021666666666666612,0.0636560740828227,0.094
synthetic,irrelevant,base,irrelevant@0.0,0.0,logreg,0,0.803,0.7943333333333333,0.008666666666666711,0.45966666666666667,0.4633333333333333,0.013688223454704773,-0.005021556788038062,0.0232,0.029,0.03367059888379019,0.005566801121812551,0.00019070208446503312,0.5,0.03207281564010939,0.02378373015873016,-0.0015833021984671403,0.0016402940587297299,-0.010333333333333306,0.013688223454704773,-0.0010000000000000009
synthetic,irrelevant,base,irrelevant@0.0,0.0,gbdt,0,0.8776666666666667,0.888,-0.010333333333333306,0.45966666666666667,0.4633333333333333,-0.0007196247028603553,-0.00961370863047295,0.0232,0.029,0.03367059888379019,0.005566801121812551,0.00019070208446503312,0.5,0.0337579344448266,0.02380206339076792,-0.0001548222748125605,0.00024907742521684817,-0.0023333333333332984,-0.0007196247028603553,-0.0010000000000000009
synthetic,irrelevant,base,irrelevant@0.0,0.0,mlp,0,0.8776666666666667,0.882,-0.0043333333333333,0.45966666666666667,0.4633333333333333,0.00037850155730612123,-0.004711834890639421,0.0232,0.029,0.03367059888379019,0.005566801121812551,0.00019070208446503312,0.5,0.033819709689746805,0.02377556696619598,-0.001200476255450611,0.0005876612131605063,-0.0023333333333332984,0.00037850155730612123,0.005333333333333336
synthetic,irrelevant,base,irrelevant@0.25,0.25,logreg,0,0.803,0.802,0.0010000000000000009,0.45966666666666667,0.44866666666666666,0.010469843214341079,-0.009469843214341078,0.09506666666666666,0.138,0.21052342241713137,0.058376777182463965,0.015433807673426836,0.6645456666666667,0.046658891701867475,0.030038855820105813,-0.0010030681934329877,0.011406955133060392,-0.008000000000000007,0.010469843214341079,0.003666666666666679
synthetic,irrelevant,base,irrelevant@0.25,0.25,gbdt,0,0.8776666666666667,0.887,-0.009333333333333305,0.45966666666666667,0.44866666666666666,0.011466139550045717,-0.020799472883379022,0.09506666666666666,0.138,0.21052342241713137,0.058376777182463965,0.015433807673426836,0.6645456666666667,0.04462564510761125,0.029373856626249757,-0.0018307547736616803,0.013952661053578563,-0.0086666666666666,0.011466139550045717,0.003666666666666679
synthetic,irrelevant,base,irrelevant@0.25,0.25,mlp,0,0.8776666666666667,0.8886666666666667,-0.01100000000000001,0.45966666666666667,0.44866666666666666,0.011007726071762813,-0.022007726071762823,0.09506666666666666,0.138,0.21052342241713137,0.058376777182463965,0.015433807673426836,0.6645456666666667,0.04419048042358049,0.029146555412922524,0.0001469117079239135,0.01707063474531817,-0.006333333333333302,0.011007726071762813,0.002333333333333333
synthetic,irrelevant,base,irrelevant@0.5,0.5,logreg,0,0.803,0.7956666666666666,0.007333333333333414,0.45966666666666667,0.4593333333333333,0.029518466548904,-0.022185133215570585,0.15506666666666666,0.22533333333333333,0.3677200526788363,0.17850278586382368,0.056469687459293594,0.802053,0.03742932796678467,0.021018849206349187,0.009215778167059319,0.00909179399935367,0.010000000000000009,0.029518466548904,0.0006666666666666765
synthetic,irrelevant,base,irrelevant@0.5,0.5,gbdt,0,0.8776666666666667,0.877,0.0006666666666667043,0.45966666666666667,0.4593333333333333,0.03367894337905808,-0.033012276712391375,0.15506666666666666,0.22533333333333333,0.3677200526788363,0.17850278586382368,0.056469687459293594,0.802053,0.03773742006092508,0.021250584981918792,0.0004922043902618745,0.002263083882790562,-0.0050000000000000044,0.03367894337905808,0.0006666666666666765
synthetic,irrelevant,base,irrelevant@0.5,0.5,mlp,0,0.8776666666666667,0.8763333333333333,0.0013333333333334085,0.45966666666666667,0.4593333333333333,0.03763624384013775,-0.03630291050680434,0.15506666666666666,0.22533333333333333,0.3677200526788363,0.17850278586382368,0.056469687459293594,0.802053,0.03690979806721939,0.020948866067607996,-0.0011337730893611342,0.00792428165402187,-0.010666666666666602,0.03763624384013775,-0.003999999999999997
synthetic,irrelevant,base,irrelevant@1.0,1.0,logreg,0,0.803,0.7933333333333333,0.009666666666666712,0.45966666666666667,0.45866666666666667,0.03561013480185338,-0.025943468135186665,0.28676666666666667,0.4236666666666667,0.7341019744929382,0.6776452838221421,0.21318315822437395,0.9658276666666666,0.047717177632999624,0.028376984126984087,-0.0007095484061926394,0.009005875128990204,-0.0006666666666665932,0.03561013480185338,0.014666666666666689
synthetic,irrelevant,base,irrelevant@1.0,1.0,gbdt,0,0.8776666666666667,0.87,0.0076666666666667105,0.45966666666666667,0.45866666666666667,0.05107788924350165,-0.04341122257683494,0.28676666666666667,0.4236666666666667,0.7341019744929382,0.6776452838221421,0.21318315822437395,0.9658276666666666,0.05096571798278182,0.029480855137204953,0.007085114152216354,0.0031343807304390903,0.01333333333333342,0.05107788924350165,0.014666666666666689
synthetic,irrelevant,base,irrelevant@1.0,1.0,mlp,0,0.8776666666666667,0.858,0.01966666666666672,0.45966666666666667,0.45866666666666667,0.0627736770445485,-0.04310701037788178,0.28676666666666667,0.4236666666666667,0.7341019744929382,0.6776452838221421,0.21318315822437395,0.9658276666666666,0.04932432267666841,0.0289023320496362,0.004416099596044276,0.007216224439813235,0.005666666666666709,0.0627736770445485,0.024666666666666663
synthetic,irrelevant,base,irrelevant@1.5,1.5,logreg,0,0.803,0.7996666666666666,0.0033333333333334103,0.45966666666666667,0.468,0.1014558581457844,-0.09812252481245098,0.3941666666666667,0.5623333333333334,1.0728726845469967,1.410580593763488,0.40646137410174354,0.9958043333333334,0.038370158033058106,0.0247185846560846,0.0010493509274736024,0.0032201120440059072,-0.0086666666666666,0.1014558581457844,0.005666666666666681
synthetic,irrelevant,base,irrelevant@1.5,1.5,gbdt,0,0.8776666666666667,0.884,-0.006333333333333302,0.45966666666666667,0.468,0.1706854845516499,-0.1770188178849832,0.3941666666666667,0.5623333333333334,1.0728726845469967,1.410580593763488,0.40646137410174354,0.9958043333333334,0.04900009620469231,0.028993086577324124,-0.0013366042848754756,0.012513049162966694,-0.009666666666666601,0.1706854845516499,0.005666666666666681
synthetic,irrelevant,base,irrelevant@1.5,1.5,mlp,0,0.8776666666666667,0.8633333333333333,0.01433333333333342,0.45966666666666667,0.468,0.16947869969522544,-0.15514536636189202,0.3941666666666667,0.5623333333333334,1.0728726845469967,1.410580593763488,0.40646137410174354,0.9958043333333334,0.04662507947699661,0.02816495507060322,-0.0010166768120137837,0.0037592985636163423,0.0010000000000000009,0.16947869969522544,0.03066666666666667
synthetic,irrelevant,base,irrelevant@2.0,2.0,logreg,0,0.803,0.797,0.006000000000000005,0.45966666666666667,0.474,0.05380084133302532,-0.04780084133302531,0.4941,0.7083333333333334,1.433352512787676,2.4057722625938593,0.6062177388775944,0.99973,0.04598309850573992,0.027714781746031678,0.0004722636055201068,4.2925694195339315e-05,0.0030000000000000027,0.05380084133302532,0.014333333333333337
synthetic,irrelevant,base,irrelevant@2.0,2.0,gbdt,0,0.8776666666666667,0.8753333333333333,0.0023333333333334094,0.45966666666666667,0.474,0.10012174353730596,-0.09778841020397255,0.4941,0.7083333333333334,1.433352512787676,2.4057722625938593,0.6062177388775944,0.99973,0.05867283276535636,0.03121452882365473,0.006885969102477851,0.016637616510507547,0.015666666666666718,0.10012174353730596,0.014333333333333337
synthetic,irrelevant,base,irrelevant@2.0,2.0,mlp,0,0.8776666666666667,0.8453333333333334,0.032333333333333325,0.45966666666666667,0.474,0.309632526019721,-0.2772991926863877,0.4941,0.7083333333333334,1.433352512787676,2.4057722625938593,0.6062177388775944,0.99973,0.055506594550519865,0.03016902011125359,-0.003685695357126928,0.0028866531338436197,-0.007000000000000006,0.309632526019721,0.054
synthetic,concept,base,concept@0.0,0.0,logreg,0,0.803,0.8046666666666666,-0.0016666666666665941,0.45966666666666667,0.44533333333333336,-0.0008406553692226204,-0.0008260112974439737,0.027666666666666666,0.045,0.04034235752532681,0.00732382899669763,0.0003835192201722126,0.5,0.05285883444951926,0.03413392857142857,0.0016840834443505592,0.008494083164771349,-0.0033333333333332993,-0.0008406553692226204,-0.0013333333333333253
synthetic,concept,base,concept@0.0,0.0,gbdt,0,0.8776666666666667,0.884,-0.006333333333333302,0.45966666666666667,0.44533333333333336,0.00399934489966014,-0.010332678232993442,0.027666666666666666,0.045,0.04034235752532681,0.00732382899669763,0.0003835192201722126,0.5,0.048685309750994075,0.031549670282918524,-0.0019286561586678852,0.014221675532808509,-0.002666666666666595,0.00399934489966014,-0.0013333333333333253
synthetic,concept,base,concept@0.0,0.0,mlp,0,0.8776666666666667,0.888,-0.010333333333333306,0.45966666666666667,0.44533333333333336,0.006352791304491512,-0.016686124637824817,0.027666666666666666,0.045,0.04034235752532681,0.00732382899669763,0.0003835192201722126,0.5,0.048527882180167674,0.031461810012836974,-0.003577442109455875,0.01724301676893858,-0.004666666666666597,0.006352791304491512,0.005333333333333336
synthetic,concept,base,concept@0.25,0.25,logreg,0,0.803,0.774,0.029000000000000026,0.45966666666666667,0.449,0.00358210770810774,0.025417892291892286,0.024966666666666668,0.04466666666666667,0.040557044900016985,0.007281250005915911,0.00021705920553949376,0.5005518888888889,0.03429115371038972,0.023960482804232807,0.0008568147033582996,0.005723209686909647,0.0010000000000000009,0.00358210770810774,-0.002999999999999975
synthetic,concept,base,concept@0.25,0.25,gbdt,0,0.8776666666666667,0.865,0.012666666666666715,0.45966666666666667,0.449,0.0013633775598809184,0.011303289106785797,0.024966666666666668,0.04466666666666667,0.040557044900016985,0.007281250005915911,0.00021705920553949376,0.5005518888888889,0.033403423410374465,0.02233492873856626,0.0009313141115367962,0.005264873186653252,0.00033333333333340764,0.0013633775598809184,-0.002999999999999975
synthetic,concept,base,concept@0.25,0.25,mlp,0,0.8776666666666667,0.8693333333333333,0.008333333333333415,0.45966666666666667,0.449,0.00017621105192056064,0.008157122281412854,0.024966666666666668,0.04466666666666667,0.040557044900016985,0.007281250005915911,0.00021705920553949376,0.5005518888888889,0.033405088630858094,0.022298459563543007,0.0004783247166053606,0.005692891703876768,0.0013333333333334085,0.00017621105192056064,0.011000000000000003
synthetic,concept,base,concept@0.5,0.5,logreg,0,0.803,0.741,0.062000000000000055,0.45966666666666667,0.4563333333333333,0.000273247716863545,0.06172675228313651,0.021333333333333333,0.028333333333333332,0.032710738420217184,0.0053732187645671855,-2.7056771289002413e-06,0.5019102222222223,0.03014539720425715,0.022091269841269842,0.007778943922778669,0.0031855775940511366,0.0050000000000000044,0.000273247716863545,0.005666666666666681
synthetic,concept,base,concept@0.5,0.5,gbdt,0,0.8776666666666667,0.834,0.04366666666666674,0.45966666666666667,0.4563333333333333,0.0023070991531725094,0.04135956751349423,0.021333333333333333,0.028333333333333332,0.032710738420217184,0.0053732187645671855,-2.7056771289002413e-06,0.5019102222222223,0.029174548363578242,0.02052914273558817,0.002108833886549588,0.0015399253756507303,-0.0010000000000000009,0.0023070991531725094,0.005666666666666681
synthetic,concept,base,concept@0.5,0.5,mlp,0,0.8776666666666667,0.8286666666666667,0.049000000000000044,0.45966666666666667,0.4563333333333333,0.001366380073155704,0.04763361992684434,0.021333333333333333,0.028333333333333332,0.032710738420217184,0.0053732187645671855,-2.7056771289002413e-06,0.5019102222222223,0.029281948312869302,0.020526850663243477,-0.0003501900055761231,0.00047887550932368406,-0.006333333333333302,0.001366380073155704,0.007333333333333331
synthetic,concept,base,concept@1.0,1.0,logreg,0,0.803,0.675,0.128,0.45966666666666667,0.42733333333333334,0.0029593748067798797,0.12504062519322012,0.023433333333333334,0.030333333333333334,0.03699501348331108,0.005666900848201524,-3.5230592115853554e-06,0.5071492222222223,0.04103347180179353,0.0231618716931217,0.009072497131276336,0.005035058791128755,0.01200000000000001,0.0029593748067798797,-0.009999999999999981
synthetic,concept,base,concept@1.0,1.0,gbdt,0,0.8776666666666667,0.763,0.1146666666666667,0.45966666666666667,0.42733333333333334,-0.0021600933532289757,0.11682676001989567,0.023433333333333334,0.030333333333333334,0.03699501348331108,0.005666900848201524,-3.5230592115853554e-06,0.5071492222222223,0.03956108878648669,0.0222738778983195,-0.00016892884640840045,0.00443866653483338,-0.008333333333333304,-0.0021600933532289757,-0.009999999999999981
synthetic,concept,base,concept@1.0,1.0,mlp,0,0.8776666666666667,0.7626666666666667,0.11499999999999999,0.45966666666666667,0.42733333333333334,0.00020852271441040848,0.11479147728558958,0.023433333333333334,0.030333333333333334,0.03699501348331108,0.005666900848201524,-3.5230592115853554e-06,0.5071492222222223,0.03958425469883733,0.022268078733418913,-0.002073909688504183,0.005352166708389339,-0.009000000000000008,0.00020852271441040848,-0.0003333333333333313
synthetic,concept,base,concept@1.5,1.5,logreg,0,0.803,0.5946666666666667,0.20833333333333337,0.45966666666666667,0.451,0.004100552351185893,0.20423278098214748,0.021633333333333334,0.035666666666666666,0.032058862294911714,0.004861503739799022,-0.00014348199479385926,0.5,0.04142120755432335,0.030251322751322758,0.00022211578736208715,0.0020209444249017494,-0.006000000000000005,0.004100552351185893,0.0006666666666666765
synthetic,concept,base,concept@1.5,1.5,gbdt,0,0.8776666666666667,0.6706666666666666,0.20700000000000007,0.45966666666666667,0.451,-0.0016718207170639543,0.20867182071706403,0.021633333333333334,0.035666666666666666,0.032058862294911714,0.004861503739799022,-0.00014348199479385926,0.5,0.03807178404923423,0.027221442246330566,0.0022150548390924563,0.0069626907459044984,-0.0023333333333332984,-0.0016718207170639543,0.0006666666666666765
synthetic,concept,base,concept@1.5,1.5,mlp,0,0.8776666666666667,0.6763333333333333,0.20133333333333336,0.45966666666666667,0.451,-0.002071874032184007,0.20340520736551737,0.021633333333333334,0.035666666666666666,0.032058862294911714,0.004861503739799022,-0.00014348199479385926,0.5,0.03793872896745827,0.027111146769362438,-0.0004731513501734508,0.004012768896573704,-0.0013333333333332975,-0.002071874032184007,0.0016666666666666635
synthetic,concept,base,concept@2.0,2.0,logreg,0,0.803,0.499,0.30400000000000005,0.45966666666666667,0.4503333333333333,-0.003120873939351565,0.3071208739393516,0.0242,0.036,0.03796204724213116,0.005772417340546354,-0.0003057972057236569,0.5,0.04784425339341437,0.034192956349206355,-0.004059545715109469,0.00431263328554099,-0.015666666666666607,-0.003120873939351565,-0.0013333333333333253
synthetic,concept,base,concept@2.0,2.0,gbdt,0,0.8776666666666667,0.583,0.29466666666666674,0.45966666666666667,0.4503333333333333,-0.001953878018444377,0.2966205446851111,0.0242,0.036,0.03796204724213116,0.005772417340546354,-0.0003057972057236569,0.5,0.04482744392263373,0.03225441395447776,-0.005256539796571147,0.004271468140916279,-0.014000000000000012,-0.001953878018444377,-0.0013333333333333253
synthetic,concept,base,concept@2.0,2.0,mlp,0,0.8776666666666667,0.5856666666666667,0.29200000000000004,0.45966666666666667,0.4503333333333333,-0.0005071364142941182,0.29250713641429416,0.0242,0.036,0.03796204724213116,0.005772417340546354,-0.0003057972057236569,0.5,0.0447929655447356,0.032232884039366715,-0.005850133953074876,0.003712727834464802,-0.009666666666666601,-0.0005071364142941182,0.006666666666666668
synthetic,prior,base,prior@0.0,0.0,logreg,0,0.803,0.7963333333333333,0.00666666666666671,0.45966666666666667,0.5,0.00807174335248173,-0.001405076685815021,0.027466666666666667,0.042,0.04405544411558491,0.0069387816286795145,0.0009691633721539139,0.5118971111111111,0.05217508441041402,0.03099669312169313,0.005905147574755465,0.021532396143068344,0.011333333333333417,0.00807174335248173,-0.0026666666666666505
synthetic,prior,base,prior@0.0,0.0,gbdt,0,0.8776666666666667,0.875,0.002666666666666706,0.45966666666666667,0.5,0.002238688220012497,0.00042797844665420914,0.027466666666666667,0.042,0.04405544411558491,0.0069387816286795145,0.0009691633721539139,0.5118971111111111,0.051067379254617115,0.03102914273558817,0.0034607129047455887,0.02455811845855521,0.0040000000000000036,0.002238688220012497,-0.0026666666666666505
synthetic,prior,base,prior@0.0,0.0,mlp,0,0.8776666666666667,0.8733333333333333,0.004333333333333411,0.45966666666666667,0.5,0.0010309961199921336,0.0033023372133412776,0.027466666666666667,0.042,0.04405544411558491,0.0069387816286795145,0.0009691633721539139,0.5118971111111111,0.05129125981234492,0.031147411210954223,0.000542269472419088,0.024869551773209264,-0.0033333333333332993,0.0010309961199921336,0.002333333333333333
synthetic,prior,base,prior@0.25,0.25,logreg,0,0.803,0.7943333333333333,0.008666666666666711,0.45966666666666667,0.55,0.012948337054452641,-0.00428167038778593,0.029699999999999997,0.07266666666666667,0.04704419640252451,0.0073246434716559405,0.001523904410486776,0.5107744444444444,0.084462949157003,0.051163525132275144,0.0024499772521775487,0.03976211870327362,-0.007333333333333303,0.012948337054452641,0.002333333333333354
synthetic,prior,base,prior@0.25,0.25,gbdt,0,0.8776666666666667,0.8753333333333333,0.0023333333333334094,0.45966666666666667,0.55,0.005495173162710643,-0.003161839829377233,0.029699999999999997,0.07266666666666667,0.04704419640252451,0.0073246434716559405,0.001523904410486776,0.5107744444444444,0.08199147950702657,0.05030472239948946,0.0018070595521214594,0.06283788180096839,-0.006333333333333302,0.005495173162710643,0.002333333333333354
synthetic,prior,base,prior@0.25,0.25,mlp,0,0.8776666666666667,0.875,0.002666666666666706,0.45966666666666667,0.55,0.0035284335771894604,-0.0008617669105227543,0.029699999999999997,0.07266666666666667,0.04704419640252451,0.0073246434716559405,0.001523904410486776,0.5107744444444444,0.08234073285210862,0.050515297389816013,-0.0013777917105095572,0.06512069218949645,-0.008333333333333304,0.0035284335771894604,0.0036666666666666653
synthetic,prior,base,prior@0.5,0.5,logreg,0,0.803,0.7833333333333333,0.01966666666666672,0.45966666666666667,0.6,0.00571104050452953,0.013955626162137191,0.03613333333333334,0.10266666666666667,0.05731648991812803,0.010859830439592136,0.0015547323186387851,0.5220537777777777,0.12162849602089475,0.07123809523809525,0.004951493210556546,0.05460295243143953,0.008000000000000007,0.00571104050452953,0.009000000000000008
synthetic,prior,base,prior@0.5,0.5,gbdt,0,0.8776666666666667,0.8716666666666667,0.006000000000000005,0.45966666666666667,0.6,0.011026677950367603,-0.005026677950367597,0.03613333333333334,0.10266666666666667,0.05731648991812803,0.010859830439592136,0.0015547323186387851,0.5220537777777777,0.11603985624339425,0.06941714528823653,0.0024374788756548194,0.09029471923103549,0.0020000000000000018,0.011026677950367603,0.009000000000000008
synthetic,prior,base,prior@0.5,0.5,mlp,0,0.8776666666666667,0.8753333333333333,0.0023333333333334094,0.45966666666666667,0.6,0.010296136300464998,-0.007962802967131588,0.03613333333333334,0.10266666666666667,0.05731648991812803,0.010859830439592136,0.0015547323186387851,0.5220537777777777,0.11619307176276744,0.06959745400085583,0.0006905289011338578,0.09446929304316509,0.0023333333333334094,0.010296136300464998,0.0010000000000000009
synthetic,prior,base,prior@1.0,1.0,logreg,0,0.803,0.7863333333333333,0.01666666666666672,0.45966666666666667,0.7,0.009643521638176611,0.007023145028490108,0.04186666666666667,0.14766666666666667,0.0735573361411335,0.018280966195144795,0.005022406637037791,0.5669717777777777,0.20538459902590267,0.11026984126984132,0.01099216408093684,0.09654658781471281,0.022666666666666724,0.009643521638176611,0.003666666666666679
synthetic,prior,base,prior@1.0,1.0,gbdt,0,0.8776666666666667,0.8786666666666667,-0.0010000000000000009,0.45966666666666667,0.7,0.00633372794126652,-0.007333727941266521,0.04186666666666667,0.14766666666666667,0.0735573361411335,0.018280966195144795,0.005022406637037791,0.5669717777777777,0.18363499049135854,0.10146362476068918,0.009794322774010489,0.1580775936218054,0.011666666666666714,0.00633372794126652,0.003666666666666679
synthetic,prior,base,prior@1.0,1.0,mlp,0,0.8776666666666667,0.8796666666666667,-0.0020000000000000018,0.45966666666666667,0.7,0.001932072095324422,-0.003932072095324424,0.04186666666666667,0.14766666666666667,0.0735573361411335,0.018280966195144795,0.005022406637037791,0.5669717777777777,0.18378845747807607,0.10166442019683362,0.002344713256822173,0.16420286343859958,0.0020000000000000018,0.001932072095324422,0.005666666666666667
synthetic,prior,base,prior@1.5,1.5,logreg,0,0.803,0.7883333333333333,0.014666666666666717,0.45966666666666667,0.8,0.0023144331221193193,0.012352233544547397,0.0514,0.19733333333333333,0.08934186783846014,0.029819689921121766,0.007068123445726826,0.6277865555555555,0.28867917527442055,0.1479914021164022,0.0076210620953226504,0.13732207195238266,0.012666666666666715,0.0023144331221193193,0.008666666666666684
synthetic,prior,base,prior@1.5,1.5,gbdt,0,0.8776666666666667,0.8756666666666667,0.0020000000000000018,0.45966666666666667,0.8,-0.0003796375667682872,0.002379637566768289,0.0514,0.19733333333333333,0.08934186783846014,0.029819689921121766,0.007068123445726826,0.6277865555555555,0.25421445956240507,0.13487864284194848,0.002054076482961631,0.2256727689991922,-0.006333333333333302,-0.0003796375667682872,0.008666666666666684
synthetic,prior,base,prior@1.5,1.5,mlp,0,0.8776666666666667,0.8846666666666667,-0.007000000000000006,0.45966666666666667,0.8,-0.0024674544393810116,-0.004532545560618995,0.0514,0.19733333333333333,0.08934186783846014,0.029819689921121766,0.007068123445726826,0.6277865555555555,0.2541608514593452,0.13504289687633722,-0.005375927755827403,0.2321935782160971,-0.017000000000000015,-0.0024674544393810116,0.0036666666666666653
synthetic,prior,base,prior@2.0,2.0,logreg,0,0.803,0.767,0.03600000000000003,0.45966666666666667,0.9,0.01240960747521469,0.023590392524785342,0.05903333333333333,0.237,0.10612447154211577,0.046832968957440754,0.011531229246839247,0.6733627777777778,0.3754924321445386,0.19290823412698418,0.014924685419354988,0.1740104431667544,0.026666666666666727,0.01240960747521469,0.00466666666666668
synthetic,prior,base,prior@2.0,2.0,gbdt,0,0.8776666666666667,0.8656666666666667,0.01200000000000001,0.45966666666666667,0.9,0.010416237766422642,0.0015837622335773682,0.05903333333333333,0.237,0.10612447154211577,0.046832968957440754,0.011531229246839247,0.6733627777777778,0.32937076944577426,0.17398042969580935,0.01001300986592224,0.2850803108922856,0.010000000000000009,0.010416237766422642,0.00466666666666668
synthetic,prior,base,prior@2.0,2.0,mlp,0,0.8776666666666667,0.8856666666666667,-0.008000000000000007,0.45966666666666667,0.9,0.00987324009904511,-0.017873240099045118,0.05903333333333333,0.237,0.10612447154211577,0.046832968957440754,0.011531229246839247,0.6733627777777778,0.32916553829973255,0.17405134788189996,0.0008789101409832911,0.29701140153679173,-0.005666666666666598,0.00987324009904511,0.0
synthetic,important,base,important@0.0,0.0,logreg,1,0.801,0.8003333333333333,0.0006666666666667043,0.44766666666666666,0.44333333333333336,0.004703295199216639,-0.004036628532549935,0.0215,0.036333333333333336,0.03472336909298017,0.005678130203113927,0.00048615864091949845,0.5,0.02144931525220222,0.014704061302681991,0.0018384858282262106,0.00018389037834998234,0.0013333333333334085,0.004703295199216639,0.0006666666666666488
synthetic,important,base,important@0.0,0.0,gbdt,1,0.8806666666666667,0.898,-0.01733333333333331,0.44766666666666666,0.44333333333333336,-0.0021927195103043085,-0.015140613823029003,0.0215,0.036333333333333336,0.03472336909298017,0.005678130203113927,0.00048615864091949845,0.5,0.022833574164460784,0.016154183535762486,-0.0037106898960286294,0.010192074466167933,-0.007333333333333303,-0.0021927195103043085,0.0006666666666666488
synthetic,important,base,important@0.0,0.0,mlp,1,0.8756666666666667,0.8903333333333333,-0.014666666666666606,0.44766666666666666,0.44333333333333336,0.002186026087149573,-0.01685269275381618,0.0215,0.036333333333333336,0.03472336909298017,0.005678130203113927,0.00048615864091949845,0.5,0.02301768813884098,0.016337371639552324,-0.006306285518918875,0.0122002311466885,-0.011666666666666603,0.002186026087149573,-0.017333333333333333
synthetic,important,base,important@0.25,0.25,logreg,1,0.801,0.8003333333333333,0.0006666666666667043,0.44766666666666666,0.5463333333333333,-0.005261009037381137,0.005927675704047841,0.0488,0.11166666666666666,0.10019876467117561,0.023215643921166016,0.004474016655062862,0.5751765555555556,0.241279411539399,0.10373042145593875,0.0010076229526894132,0.10156852898408741,0.0016666666666667052,-0.005261009037381137,-0.008000000000000007
synthetic,important,base,important@0.25,0.25,gbdt,1,0.8806666666666667,0.8753333333333333,0.005333333333333412,0.44766666666666666,0.5463333333333333,-0.0014247488162322242,0.006758082149565636,0.0488,0.11166666666666666,0.10019876467117561,0.023215643921166016,0.004474016655062862,0.5751765555555556,0.24651649833275743,0.10563079172289702,-0.00261146598323303,0.09492816371574875,-0.007333333333333303,-0.0014247488162322242,-0.008000000000000007
synthetic,important,base,important@0.25,0.25,mlp,1,0.8756666666666667,0.876,-0.0003333333333332966,0.44766666666666666,0.5463333333333333,-0.002856536067479265,0.0025232027341459684,0.0488,0.11166666666666666,0.10019876467117561,0.023215643921166016,0.004474016655062862,0.5751765555555556,0.2492465941938722,0.10643671397253952,-0.006886494379514274,0.09893908558431186,-0.0086666666666666,-0.002856536067479265,-0.008333333333333331
synthetic,important,base,important@0.5,0.5,logreg,1,0.801,0.828,-0.026999999999999913,0.44766666666666666,0.6666666666666666,-0.028762945713482813,0.0017629457134828996,0.07903333333333333,0.20933333333333334,0.17563150576563738,0.07637715054930476,0.024878504286793057,0.699905,0.4904260191290065,0.20353915708812273,-0.01643986304918421,0.20319372952942194,-0.013333333333333308,-0.028762945713482813,-0.04000000000000001
synthetic,important,base,important@0.5,0.5,gbdt,1,0.8806666666666667,0.8903333333333333,-0.009666666666666601,0.44766666666666666,0.6666666666666666,-0.018374420047434392,0.008707753380767791,0.07903333333333333,0.20933333333333334,0.17563150576563738,0.07637715054930476,0.024878504286793057,0.699905,0.49399842336649186,0.20496345029239776,-0.013725769215422012,0.2110292465963085,-0.022666666666666613,-0.018374420047434392,-0.04000000000000001
synthetic,important,base,important@0.5,0.5,mlp,1,0.8756666666666667,0.888,-0.012333333333333307,0.44766666666666666,0.6666666666666666,-0.019377754950552606,0.007044421617219299,0.07903333333333333,0.20933333333333334,0.17563150576563738,0.07637715054930476,0.024878504286793057,0.699905,0.4982974118567955,0.2066743971385716,-0.020480790475202126,0.22043808952270316,-0.03199999999999992,-0.019377754950552606,-0.015999999999999993
synthetic,important,base,important@1.0,1.0,logreg,1,0.801,0.8786666666666667,-0.07766666666666666,0.44766666666666666,0.8243333333333334,-0.04173320078698961,-0.03593346587967705,0.132,0.393,0.3214071816679047,0.27405659538212507,0.08446769095184281,0.8622686666666667,0.9768473933177843,0.37818329501915726,-0.08505422749890534,0.3618443211359246,-0.09833333333333327,-0.04173320078698961,-0.06633333333333334
synthetic,important,base,important@1.0,1.0,gbdt,1,0.8806666666666667,0.9333333333333333,-0.05266666666666664,0.44766666666666666,0.8243333333333334,-0.04485720515092162,-0.00780946151574502,0.132,0.393,0.3214071816679047,0.27405659538212507,0.08446769095184281,0.8622686666666667,0.9843049180337289,0.3805958164642377,-0.02988873072763154,0.34646262028560326,-0.046666666666666634,-0.04485720515092162,-0.06633333333333334
synthetic,important,base,important@1.0,1.0,mlp,1,0.8756666666666667,0.9296666666666666,-0.05399999999999994,0.44766666666666666,0.8243333333333334,-0.03747266714625741,-0.016527332853742527,0.132,0.393,0.3214071816679047,0.27405659538212507,0.08446769095184281,0.8622686666666667,0.9931048454627038,0.3838539286950502,-0.04609927366484956,0.3610863322178337,-0.05566666666666664,-0.03747266714625741,-0.02133333333333333
synthetic,important,base,important@1.5,1.5,logreg,1,0.801,0.913,-0.11199999999999999,0.44766666666666666,0.9026666666666666,-0.07586481442601778,-0.03613518557398221,0.17950000000000005,0.559,0.4699713974851412,0.5964819852693096,0.19714574626333337,0.9574516666666666,1.4650208581318906,0.5410073563218395,-0.1584754594949931,0.46628633966950916,-0.16966666666666663,-0.07586481442601778,-0.09066666666666667
synthetic,important,base,important@1.5,1.5,gbdt,1,0.8806666666666667,0.9606666666666667,-0.07999999999999996,0.44766666666666666,0.9026666666666666,-0.05291648633327373,-0.027083513666726233,0.17950000000000005,0.559,0.4699713974851412,0.5964819852693096,0.19714574626333337,0.9574516666666666,1.4841019509190654,0.548422177237967,-0.0331653013705403,0.40386434787898606,-0.05999999999999994,-0.05291648633327373,-0.09066666666666667
synthetic,important,base,important@1.5,1.5,mlp,1,0.8756666666666667,0.9506666666666667,-0.07499999999999996,0.44766666666666666,0.9026666666666666,-0.027696761093013444,-0.04730323890698651,0.17950000000000005,0.559,0.4699713974851412,0.5964819852693096,0.19714574626333337,0.9574516666666666,1.4984364302741437,0.5538423906772817,-0.06731007318085436,0.43204227586606747,-0.08166666666666667,-0.027696761093013444,-0.028999999999999998
synthetic,important,base,important@2.0,2.0,logreg,1,0.801,0.958,-0.15699999999999992,0.44766666666666666,0.956,-0.06595901750031963,-0.09104098249968029,0.2212,0.6903333333333334,0.6265851170095404,0.9728556109827036,0.3215436575294137,0.9890341111111113,1.981257739372888,0.6746873563218395,-0.2036122939241991,0.5166690453826668,-0.19333333333333325,-0.06595901750031963,-0.12033333333333335
synthetic,important,base,important@2.0,2.0,gbdt,1,0.8806666666666667,0.9746666666666667,-0.09399999999999997,0.44766666666666666,0.956,-0.07177989423963338,-0.022220105760366593,0.2212,0.6903333333333334,0.6265851170095404,0.9728556109827036,0.3215436575294137,0.9890341111111113,1.9965335975959453,0.6821962438146653,-0.010100009892100692,0.406423307474027,-0.07099999999999995,-0.07177989423963338,-0.12033333333333335
synthetic,important,base,important@2.0,2.0,mlp,1,0.8756666666666667,0.954,-0.07833333333333325,0.44766666666666666,0.956,-0.053399352677221845,-0.02493398065611141,0.2212,0.6903333333333334,0.6265851170095404,0.9728556109827036,0.3215436575294137,0.9890341111111113,2.0148689742251253,0.6886641283027577,-0.07585577169838553,0.4527578055069459,-0.09266666666666667,-0.053399352677221845,-0.020333333333333328
synthetic,spread,base,spread@0.0,0.0,logreg,1,0.801,0.7956666666666666,0.005333333333333412,0.44766666666666666,0.44166666666666665,0.003953580354879249,0.001379752978454163,0.024033333333333334,0.039,0.04033347599131655,0.006287306562112067,0.0004236693514853007,0.5006785555555555,0.03395383356427277,0.020751417624521075,-0.0005753547680115156,0.008210128284354024,0.0016666666666667052,0.003953580354879249,0.0020000000000000018
synthetic,spread,base,spread@0.0,0.0,gbdt,1,0.8806666666666667,0.89,-0.009333333333333305,0.44766666666666666,0.44166666666666665,-0.0004365569287719806,-0.008896776404561324,0.024033333333333334,0.039,0.04033347599131655,0.006287306562112067,0.0004236693514853007,0.5006785555555555,0.032108719251813043,0.019785537561853354,-0.008095749137505215,0.008656463254235136,-0.01533333333333331,-0.0004365569287719806,0.0020000000000000018
synthetic,spread,base,spread@0.0,0.0,mlp,1,0.8756666666666667,0.881,-0.005333333333333301,0.44766666666666666,0.44166666666666665,0.003554084922637424,-0.008887418255970725,0.024033333333333334,0.039,0.04033347599131655,0.006287306562112067,0.0004236693514853007,0.5006785555555555,0.03181759190879526,0.01972551055728626,-0.009262570107171353,0.0061476925699625595,-0.019333333333333313,0.003554084922637424,-0.011999999999999997
synthetic,spread,base,spread@0.25,0.25,logreg,1,0.801,0.754,0.04700000000000004,0.44766666666666666,0.45066666666666666,0.05449154414076818,-0.007491544140768136,0.0283,0.06666666666666667,0.06388048992423856,0.01697910889816178,0.0017544460186392774,0.5692682222222222,0.1207690629127708,0.04080750957854408,-0.015394372295927994,0.0006374061250962182,-0.016999999999999904,0.05449154414076818,0.04033333333333333
synthetic,spread,base,spread@0.25,0.25,gbdt,1,0.8806666666666667,0.8766666666666667,0.0040000000000000036,0.44766666666666666,0.45066666666666666,0.0009760605027190339,0.0030239394972809697,0.0283,0.06666666666666667,0.06388048992423856,0.01697910889816178,0.0017544460186392774,0.5692682222222222,0.14112866866296533,0.04626270805218175,-0.0006005993998584591,0.0006079081846843692,-0.008000000000000007,0.0009760605027190339,0.04033333333333333
synthetic,spread,base,spread@0.25,0.25,mlp,1,0.8756666666666667,0.8773333333333333,-0.0016666666666665941,0.44766666666666666,0.45066666666666666,0.000629403961071473,-0.002296070627738067,0.0283,0.06666666666666667,0.06388048992423856,0.01697910889816178,0.0017544460186392774,0.5692682222222222,0.14575015174643408,0.04745379023883697,-0.0020626113337528507,5.673566105629524e-05,-0.006000000000000005,0.000629403961071473,-0.0049999999999999975
synthetic,spread,base,spread@0.5,0.5,logreg,1,0.801,0.7033333333333334,0.09766666666666668,0.44766666666666666,0.439,0.10543487649501848,-0.007768209828351802,0.039400000000000004,0.11066666666666666,0.10696170592217927,0.04612060511961346,0.006388974558394267,0.6587127777777778,0.2172573884844068,0.06525103448275865,-0.030684030947021768,0.0015879772177918028,-0.030999999999999917,0.10543487649501848,0.094
synthetic,spread,base,spread@0.5,0.5,gbdt,1,0.8806666666666667,0.8816666666666667,-0.0010000000000000009,0.44766666666666666,0.439,-0.002345596614688805,0.0013455966146888043,0.039400000000000004,0.11066666666666666,0.10696170592217927,0.04612060511961346,0.006388974558394267,0.6587127777777778,0.26365614366908136,0.0754911156095367,0.007329117329072932,0.006938636138541232,0.009333333333333416,-0.002345596614688805,0.094
synthetic,spread,base,spread@0.5,0.5,mlp,1,0.8756666666666667,0.87,0.005666666666666709,0.44766666666666666,0.439,0.004272860529696998,0.0013938061369697108,0.039400000000000004,0.11066666666666666,0.10696170592217927,0.04612060511961346,0.006388974558394267,0.6587127777777778,0.27359629464807567,0.07765316718587746,-0.0015387663844168564,0.003923460265012779,-0.003666666666666596,0.004272860529696998,0.009333333333333332
synthetic,spread,base,spread@1.0,1.0,logreg,1,0.801,0.638,0.16300000000000003,0.44766666666666666,0.45666666666666667,0.18797428562725704,-0.02497428562725701,0.05550000000000001,0.17766666666666667,0.1888297942197553,0.1088865177293323,0.023915790916524293,0.7787873333333333,0.4074771593737688,0.0943931034482759,-0.05776174696210212,0.0031609138930370206,-0.058666666666666645,0.18797428562725704,0.19399999999999998
synthetic,spread,base,spread@1.0,1.0,gbdt,1,0.8806666666666667,0.853,0.027666666666666728,0.44766666666666666,0.45666666666666667,0.021170544467207786,0.006496122199458942,0.05550000000000001,0.17766666666666667,0.1888297942197553,0.1088865177293323,0.023915790916524293,0.7787873333333333,0.5028240792254074,0.11474977507872251,0.022518697470077842,0.005695533470032654,0.031333333333333324,0.021170544467207786,0.19399999999999998
synthetic,spread,base,spread@1.0,1.0,mlp,1,0.8756666666666667,0.8436666666666667,0.03200000000000003,0.44766666666666666,0.45666666666666667,0.014852843849144648,0.01714715615085538,0.05550000000000001,0.17766666666666667,0.1888297942197553,0.1088865177293323,0.023915790916524293,0.7787873333333333,0.5225740542065609,0.11877777777777779,0.0013243216907913302,0.012661617437943085,0.0050000000000000044,0.014852843849144648,0.031666666666666676
synthetic,spread,base,spread@1.5,1.5,logreg,1,0.801,0.6123333333333333,0.18866666666666676,0.44766666666666666,0.45966666666666667,0.2188174809559651,-0.030150814289298333,0.05996666666666667,0.221,0.2622824817723177,0.15742696584616683,0.04852701377368085,0.8361663333333333,0.5815139446632062,0.10854528735632187,-0.08263342419051911,0.014082619608376867,-0.08666666666666667,0.2188174809559651,0.24699999999999997
synthetic,spread,base,spread@1.5,1.5,gbdt,1,0.8806666666666667,0.8303333333333334,0.05033333333333334,0.44766666666666666,0.45966666666666667,0.006904167467990052,0.04342916586534329,0.05996666666666667,0.221,0.2622824817723177,0.15742696584616683,0.04852701377368085,0.8361663333333333,0.7313222964732985,0.13536887089518673,0.02649879507664077,0.0019866120228162476,0.031333333333333324,0.006904167467990052,0.24699999999999997
synthetic,spread,base,spread@1.5,1.5,mlp,1,0.8756666666666667,0.8096666666666666,0.06600000000000006,0.44766666666666666,0.45966666666666667,0.0026407997028198293,0.06335920029718023,0.05996666666666667,0.221,0.2622824817723177,0.15742696584616683,0.04852701377368085,0.8361663333333333,0.7614950414197212,0.1405494404061382,-0.009368322380041372,0.022223358504345314,-0.014000000000000012,0.0026407997028198293,0.04366666666666667
synthetic,spread,base,spread@2.0,2.0,logreg,1,0.801,0.5686666666666667,0.2323333333333334,0.44766666666666666,0.4646666666666667,0.2545895700725561,-0.022256236739222723,0.06706666666666666,0.24433333333333335,0.343562898719448,0.19849799998008327,0.08159153247651274,0.8800572222222222,0.7831595858385875,0.1295813026819924,-0.0976651184468531,0.022011672005553595,-0.09433333333333327,0.2545895700725561,0.31233333333333335
synthetic,spread,base,spread@2.0,2.0,gbdt,1,0.8806666666666667,0.8193333333333334,0.06133333333333335,0.44766666666666666,0.4646666666666667,0.033035661561089946,0.028297671772243405,0.06706666666666666,0.24433333333333335,0.343562898719448,0.19849799998008327,0.08159153247651274,0.8800572222222222,0.9762326294761996,0.15734862798020702,0.02668082709315056,0.00033425438273748664,0.02633333333333343,0.033035661561089946,0.31233333333333335
synthetic,spread,base,spread@2.0,2.0,mlp,1,0.8756666666666667,0.7813333333333333,0.09433333333333338,0.44766666666666666,0.4646666666666667,0.03491732855214047,0.05941600478119291,0.06706666666666666,0.24433333333333335,0.343562898719448,0.19849799998008327,0.08159153247651274,0.8800572222222222,1.0160589827809545,0.1629411561093804,-0.02068579430987605,0.021932737442838024,-0.022666666666666613,0.03491732855214047,0.06233333333333334
synthetic,irrelevant,base,irrelevant@0.0,0.0,logreg,1,0.801,0.802,-0.0010000000000000009,0.44766666666666666,0.45166666666666666,0.011531622803890529,-0.01253162280389053,0.021866666666666666,0.029666666666666668,0.03400343492867627,0.006377776340741571,-5.918607502541917e-05,0.5,0.02875623229728278,0.02031095785440613,-0.00014552955856361738,0.0015259824237323638,0.006000000000000005,0.011531622803890529,-0.0030000000000000027
synthetic,irrelevant,base,irrelevant@0.0,0.0,gbdt,1,0.8806666666666667,0.8873333333333333,-0.006666666666666599,0.44766666666666666,0.45166666666666666,5.802557175227374e-05,-0.006724692238418872,0.021866666666666666,0.029666666666666668,0.03400343492867627,0.006377776340741571,-5.918607502541917e-05,0.5,0.027498758789492792,0.019806567701304546,-0.00467714584238732,0.0035348553452049236,-0.01100000000000001,5.802557175227374e-05,-0.0030000000000000027
synthetic,irrelevant,base,irrelevant@0.0,0.0,mlp,1,0.8756666666666667,0.8843333333333333,-0.0086666666666666,0.44766666666666666,0.45166666666666666,0.00427575035877148,-0.01294241702543808,0.021866666666666666,0.029666666666666668,0.03400343492867627,0.006377776340741571,-5.918607502541917e-05,0.5,0.026968311542931014,0.019616014768662742,-0.0062463653441036104,0.0023626588450864627,-0.015666666666666607,0.00427575035877148,-0.019333333333333327
synthetic,irrelevant,base,irrelevant@0.25,0.25,logreg,1,0.801,0.8063333333333333,-0.005333333333333301,0.44766666666666666,0.4623333333333333,0.010727993399185731,-0.016061326732519032,0.08136666666666667,0.13366666666666666,0.1893926868031793,0.05280391781438428,0.017488872162132685,0.6491983333333333,0.03216181540096476,0.020011187739463566,0.0011654813382562246,0.00922842634567056,0.004333333333333411,0.010727993399185731,-0.015666666666666662
synthetic,irrelevant,base,irrelevant@0.25,0.25,gbdt,1,0.8806666666666667,0.8776666666666667,0.0030000000000000027,0.44766666666666666,0.4623333333333333,-0.006081525885530237,0.00908152588553024,0.08136666666666667,0.13366666666666666,0.1893926868031793,0.05280391781438428,0.017488872162132685,0.6491983333333333,0.029382049488473422,0.018914304993252338,-0.002651325184829134,0.008682992531363454,-0.0010000000000000009,-0.006081525885530237,-0.015666666666666662
synthetic,irrelevant,base,irrelevant@0.25,0.25,mlp,1,0.8756666666666667,0.874,0.0016666666666667052,0.44766666666666666,0.4623333333333333,8.328630204135212e-05,0.001583380364625353,0.08136666666666667,0.13366666666666666,0.1893926868031793,0.05280391781438428,0.017488872162132685,0.6491983333333333,0.02690619299275909,0.0178427368178147,-0.0066888612068921605,0.007180960923045598,-0.011333333333333306,8.328630204135212e-05,-0.007999999999999993
synthetic,irrelevant,base,irrelevant@0.5,0.5,logreg,1,0.801,0.8233333333333334,-0.022333333333333316,0.44766666666666666,0.44433333333333336,0.00447389587070246,-0.026807229204035776,0.14463333333333334,0.22466666666666665,0.35057752139596343,0.16546164250099143,0.05571940194081548,0.7935406666666667,0.04479161415375526,0.02499249042145587,-0.0012736159936451719,0.0031272835795777554,-0.0016666666666665941,0.00447389587070246,-0.016666666666666663
synthetic,irrelevant,base,irrelevant@0.5,0.5,gbdt,1,0.8806666666666667,0.889,-0.008333333333333304,0.44766666666666666,0.44433333333333336,-0.02152956533680117,0.013196232003467867,0.14463333333333334,0.22466666666666665,0.35057752139596343,0.16546164250099143,0.05571940194081548,0.7935406666666667,0.03774221951821683,0.02257085020242909,-0.010470776545188243,0.01008788452968945,-0.023666666666666614,-0.02152956533680117,-0.016666666666666663
synthetic,irrelevant,base,irrelevant@0.5,0.5,mlp,1,0.8756666666666667,0.881,-0.005333333333333301,0.44766666666666666,0.44433333333333336,-0.01439555185037833,0.009062218517045029,0.14463333333333334,0.22466666666666665,0.35057752139596343,0.16546164250099143,0.05571940194081548,0.7935406666666667,0.03293015338624339,0.020721356870889582,-0.01244729506222697,0.0155467661611019,-0.021333333333333315,-0.01439555185037833,-0.009666666666666664
synthetic,irrelevant,base,irrelevant@1.0,1.0,logreg,1,0.801,0.8003333333333333,0.0006666666666667043,0.44766666666666666,0.43833333333333335,0.03595770883738225,-0.03529104217071555,0.2758,0.4083333333333333,0.7042616356727857,0.6490242386848898,0.20775404162735944,0.9596993333333333,0.05351375590679833,0.02877486590038299,0.0027727668268379135,0.0004179837111252249,0.005666666666666709,0.03595770883738225,-0.00033333333333335213
synthetic,irrelevant,base,irrelevant@1.0,1.0,gbdt,1,0.8806666666666667,0.877,0.003666666666666707,0.44766666666666666,0.43833333333333335,-0.01934960236935801,0.023016269036024717,0.2758,0.4083333333333333,0.7042616356727857,0.6490242386848898,0.20775404162735944,0.9596993333333333,0.042403856636269596,0.024137876743139792,-0.0015281871756627208,0.011044724101756054,0.0016666666666667052,-0.01934960236935801,-0.00033333333333335213
synthetic,irrelevant,base,irrelevant@1.0,1.0,mlp,1,0.8756666666666667,0.8683333333333333,0.007333333333333414,0.44766666666666666,0.43833333333333335,-0.01330535686817591,0.020638690201509324,0.2758,0.4083333333333333,0.7042616356727857,0.6490242386848898,0.20775404162735944,0.9596993333333333,0.03312249125400005,0.02069285796700127,-0.0038138872732557116,0.02291967682230117,-0.005333333333333301,-0.01330535686817591,0.005666666666666667
synthetic,irrelevant,base,irrelevant@1.5,1.5,logreg,1,0.801,0.8106666666666666,-0.009666666666666601,0.44766666666666666,0.454,0.08150860026221307,-0.09117526692887967,0.39110000000000006,0.5733333333333334,1.0469028620475709,1.3947261161587317,0.4047583358269202,0.9957192222222222,0.06287521203933479,0.03268107279693465,0.000694596654761237,0.00729581373190602,0.008333333333333415,0.08150860026221307,0.0013333333333333253
synthetic,irrelevant,base,irrelevant@1.5,1.5,gbdt,1,0.8806666666666667,0.8896666666666667,-0.009000000000000008,0.44766666666666666,0.454,-0.016291648925880642,0.007291648925880634,0.39110000000000006,0.5733333333333334,1.0469028620475709,1.3947261161587317,0.4047583358269202,0.9957192222222222,0.046470302167174474,0.02664867296446227,-0.005331023638934895,0.006754408642976495,-0.002666666666666595,-0.016291648925880642,0.0013333333333333253
synthetic,irrelevant,base,irrelevant@1.5,1.5,mlp,1,0.8756666666666667,0.8653333333333333,0.010333333333333417,0.44766666666666666,0.454,-0.022525776540861187,0.0328591098741946,0.39110000000000006,0.5733333333333334,1.0469028620475709,1.3947261161587317,0.4047583358269202,0.9957192222222222,0.032059248836354644,0.021444098303911384,-0.005980652362778893,0.0065614733071850395,-0.007000000000000006,-0.022525776540861187,0.009333333333333332
synthetic,irrelevant,base,irrelevant@2.0,2.0,logreg,1,0.801,0.799,0.0020000000000000018,0.44766666666666666,0.4623333333333333,0.22957803632312745,-0.22757803632312745,0.4841333333333333,0.7023333333333334,1.397301998521086,2.329336054141283,0.5988795537132396,0.9997367777777778,0.07544259389756183,0.035288888888888606,-0.0025938495671140593,0.00872561126242588,0.003666666666666707,0.22957803632312745,-0.011666666666666686
synthetic,irrelevant,base,irrelevant@2.0,2.0,gbdt,1,0.8806666666666667,0.8803333333333333,0.00033333333333340764,0.44766666666666666,0.4623333333333333,-0.09832792097208276,0.09866125430541617,0.4841333333333333,0.7023333333333334,1.397301998521086,2.329336054141283,0.5988795537132396,0.9997367777777778,0.0491784699912232,0.0259651372019791,-0.0019181766830397295,0.0011240076700198554,0.0030000000000000027,-0.09832792097208276,-0.011666666666666686
synthetic,irrelevant,base,irrelevant@2.0,2.0,mlp,1,0.8756666666666667,0.8556666666666667,0.020000000000000018,0.44766666666666666,0.4623333333333333,-0.09248441073868807,0.11248441073868809,0.4841333333333333,0.7023333333333334,1.397301998521086,2.329336054141283,0.5988795537132396,0.9997367777777778,0.02976935204036333,0.01938686973577939,-0.006104199536127175,0.013170101326202277,-0.011333333333333306,-0.09248441073868807,0.024333333333333332
synthetic,concept,base,concept@0.0,0.0,logreg,1,0.801,0.7973333333333333,0.003666666666666707,0.44766666666666666,0.4653333333333333,0.0020261544642207197,0.0016405122024459873,0.024633333333333333,0.04633333333333333,0.03845126080711682,0.007546982889037236,0.0006157062026235227,0.5047765555555556,0.02888680353016544,0.01775908045977011,0.0007120484531322191,0.005410002462570118,0.00033333333333340764,0.0020261544642207197,0.0030000000000000027
synthetic,concept,base,concept@0.0,0.0,gbdt,1,0.8806666666666667,0.884,-0.0033333333333332993,0.44766666666666666,0.4653333333333333,-0.002830873132175671,-0.0005024602011576285,0.024633333333333333,0.04633333333333333,0.03845126080711682,0.007546982889037236,0.0006157062026235227,0.5047765555555556,0.029932567835210807,0.018786099865047232,-0.003496415593770341,0.007399095452488125,-0.010666666666666602,-0.002830873132175671,0.0030000000000000027
synthetic,concept,base,concept@0.0,0.0,mlp,1,0.8756666666666667,0.8836666666666667,-0.008000000000000007,0.44766666666666666,0.4653333333333333,-0.0028150624602627516,-0.0051849375397372555,0.024633333333333333,0.04633333333333333,0.03845126080711682,0.007546982889037236,0.0006157062026235227,0.5047765555555556,0.029706083583834145,0.018755394023306796,-0.004915803301659971,0.005528027917857836,-0.01533333333333331,-0.0028150624602627516,-0.007333333333333331
synthetic,concept,base,concept@0.25,0.25,logreg,1,0.801,0.789,0.01200000000000001,0.44766666666666666,0.438,-0.007201894458632063,0.019201894458632074,0.0252,0.033666666666666664,0.040192474685461756,0.006380456587896056,0.0001471905733776424,0.5015177777777777,0.03819542292023034,0.022865593869731807,-9.15301749502273e-05,0.0007498979988562748,0.0016666666666667052,-0.007201894458632063,-0.022999999999999993
synthetic,concept,base,concept@0.25,0.25,gbdt,1,0.8806666666666667,0.8703333333333333,0.010333333333333417,0.44766666666666666,0.438,-0.008208611483711326,0.018541944817044742,0.0252,0.033666666666666664,0.040192474685461756,0.006380456587896056,0.0001471905733776424,0.5015177777777777,0.03725828189353921,0.022836819613135405,-0.005467153482666909,0.005223950274356903,-0.010000000000000009,-0.008208611483711326,-0.022999999999999993
synthetic,concept,base,concept@0.25,0.25,mlp,1,0.8756666666666667,0.874,0.0016666666666667052,0.44766666666666666,0.438,-0.006225445975404864,0.00789211264207157,0.0252,0.033666666666666664,0.040192474685461756,0.006380456587896056,0.0001471905733776424,0.5015177777777777,0.037137408958464034,0.022792892581054575,-0.006696128343368524,0.007693426657789104,-0.01866666666666661,-0.006225445975404864,-0.012666666666666666
synthetic,concept,base,concept@0.5,0.5,logreg,1,0.801,0.7296666666666667,0.07133333333333336,0.44766666666666666,0.46266666666666667,0.0007450495403164004,0.07058828379301696,0.019166666666666665,0.027,0.027831060762427223,0.005717467893869671,0.000474638341412037,0.5,0.03434629556513421,0.021775785440613035,0.004246022717780851,0.00989151617223144,0.008333333333333415,0.0007450495403164004,-0.003333333333333327
synthetic,concept,base,concept@0.5,0.5,gbdt,1,0.8806666666666667,0.822,0.058666666666666756,0.44766666666666666,0.46266666666666667,-0.004993001812254816,0.06365966847892157,0.019166666666666665,0.027,0.027831060762427223,0.005717467893869671,0.000474638341412037,0.5,0.0315038170893583,0.02070479082321188,-0.0015268929521453645,0.0061747034327492845,-0.007000000000000006,-0.004993001812254816,-0.003333333333333327
synthetic,concept,base,concept@0.5,0.5,mlp,1,0.8756666666666667,0.831,0.04466666666666674,0.44766666666666666,0.46266666666666667,-0.0004910856185826873,0.04515775228524943,0.019166666666666665,0.027,0.027831060762427223,0.005717467893869671,0.000474638341412037,0.5,0.0311552494172639,0.020626168224299066,-0.00464995461174722,0.009388273381305712,-0.01100000000000001,-0.0004910856185826873,-0.003333333333333327
synthetic,concept,base,concept@1.0,1.0,logreg,1,0.801,0.6656666666666666,0.13533333333333342,0.44766666666666666,0.43833333333333335,-0.0015660079471732091,0.13689934128050663,0.026633333333333332,0.04733333333333333,0.03812370020326819,0.00669488640123612,0.0002343457122635506,0.505726,0.02704565892313661,0.020088275862068967,-0.001540425182616989,0.0023181558313113415,-0.0003333333333332966,-0.0015660079471732091,-0.015333333333333338
synthetic,concept,base,concept@1.0,1.0,gbdt,1,0.8806666666666667,0.7626666666666667,0.118,0.44766666666666666,0.43833333333333335,-0.0038452657536046653,0.12184526575360466,0.026633333333333332,0.04733333333333333,0.03812370020326819,0.00669488640123612,0.0002343457122635506,0.505726,0.026536220324010647,0.01972379667116509,-0.006526569975674579,0.000979264708594385,-0.01200000000000001,-0.0038452657536046653,-0.015333333333333338
synthetic,concept,base,concept@1.0,1.0,mlp,1,0.8756666666666667,0.771,0.10466666666666669,0.44766666666666666,0.43833333333333335,-0.0021200276577174604,0.10678669432438415,0.026633333333333332,0.04733333333333333,0.03812370020326819,0.00669488640123612,0.0002343457122635506,0.505726,0.026243528743464112,0.019511364947502018,-0.007218744692366941,0.0027998661752198784,-0.016000000000000014,-0.0021200276577174604,-0.009333333333333332
synthetic,concept,base,concept@1.5,1.5,logreg,1,0.801,0.587,0.21400000000000008,0.44766666666666666,0.45366666666666666,0.0008294886843662752,0.2131705113156338,0.0214,0.036333333333333336,0.03126994884109577,0.005990595480286409,0.00029070806740683075,0.5,0.024558981430548955,0.017607816091954023,0.0025697664310345703,0.0028383628014553297,0.010666666666666713,0.0008294886843662752,-0.003666666666666679
synthetic,concept,base,concept@1.5,1.5,gbdt,1,0.8806666666666667,0.6623333333333333,0.21833333333333338,0.44766666666666666,0.45366666666666666,0.00024491446090202373,0.21808841887243136,0.0214,0.036333333333333336,0.03126994884109577,0.005990595480286409,0.00029070806740683075,0.5,0.02379839710380725,0.017062303193882144,-0.0009897138176896414,0.009228281115465697,-0.006000000000000005,0.00024491446090202373,-0.003666666666666679
synthetic,concept,base,concept@1.5,1.5,mlp,1,0.8756666666666667,0.6786666666666666,0.19700000000000006,0.44766666666666666,0.45366666666666666,0.004517520794137808,0.19248247920586226,0.0214,0.036333333333333336,0.03126994884109577,0.005990595480286409,0.00029070806740683075,0.5,0.023728157026316855,0.017011538017768547,-0.003901682078051638,0.006491881461411442,-0.016000000000000014,0.004517520794137808,-0.007999999999999993
synthetic,concept,base,concept@2.0,2.0,logreg,1,0.801,0.5166666666666667,0.2843333333333333,0.44766666666666666,0.466,-0.003746376602065893,0.2880797099353992,0.021766666666666667,0.033,0.033159321376163044,0.006322382885798404,0.0002906735182657272,0.5081943333333333,0.024143473717069916,0.019373639846743295,0.0007034073764515814,0.0008418454657676544,-0.0013333333333332975,-0.003746376602065893,-0.019000000000000017
synthetic,concept,base,concept@2.0,2.0,gbdt,1,0.8806666666666667,0.58,0.30066666666666675,0.44766666666666666,0.466,-0.002708963492149774,0.3033756301588165,0.021766666666666667,0.033,0.033159321376163044,0.006322382885798404,0.0002906735182657272,0.5081943333333333,0.024564129008164334,0.018572312190733246,-0.006380568430628397,0.004709659472979244,-0.018333333333333313,-0.002708963492149774,-0.019000000000000017
synthetic,concept,base,concept@2.0,2.0,mlp,1,0.8756666666666667,0.6033333333333334,0.2723333333333333,0.44766666666666666,0.466,0.0027053225374075174,0.2696280107959258,0.021766666666666667,0.033,0.033159321376163044,0.006322382885798404,0.0002906735182657272,0.5081943333333333,0.02454365475844412,0.018518172377985462,-0.007330384250173072,0.009274433742007926,-0.016666666666666607,0.0027053225374075174,-0.0029999999999999957
synthetic,prior,base,prior@0.0,0.0,logreg,1,0.801,0.7963333333333333,0.004666666666666708,0.44766666666666666,0.5,-0.0024913609967098793,0.007158027663376587,0.025500000000000002,0.04033333333333333,0.03682334768069419,0.006105306029600212,0.0005941796108693831,0.5,0.046699781310805655,0.03529547892720307,0.005741362651393467,0.016685296347680068,0.017333333333333423,-0.0024913609967098793,-0.004333333333333328
synthetic,prior,base,prior@0.0,0.0,gbdt,1,0.8806666666666667,0.8803333333333333,0.00033333333333340764,0.44766666666666666,0.5,-0.003737143870264692,0.0040704772035981,0.025500000000000002,0.04033333333333333,0.03682334768069419,0.006105306029600212,0.0005941796108693831,0.5,0.04505988488589192,0.032873706702654076,-0.0012192563760263786,0.025853898037266232,-0.007000000000000006,-0.003737143870264692,-0.004333333333333328
synthetic,prior,base,prior@0.0,0.0,mlp,1,0.8756666666666667,0.8816666666666667,-0.006000000000000005,0.44766666666666666,0.5,-0.0033624681803223755,-0.00263753181967763,0.025500000000000002,0.04033333333333333,0.03682334768069419,0.006105306029600212,0.0005941796108693831,0.5,0.045119154773750385,0.032703011422637596,-0.0029759528311543715,0.026656138332513235,-0.0076666666666665995,-0.0033624681803223755,-0.008999999999999994
synthetic,prior,base,prior@0.25,0.25,logreg,1,0.801,0.7836666666666666,0.017333333333333423,0.44766666666666666,0.55,0.0011017306680092265,0.016231602665324196,0.029133333333333334,0.051,0.044179756599829874,0.009096781860444622,0.00013945027162232115,0.5090618888888889,0.07486890232214166,0.048353256704980856,0.002563287724832164,0.03340047883994063,0.005333333333333412,0.0011017306680092265,-0.0006666666666666765
synthetic,prior,base,prior@0.25,0.25,gbdt,1,0.8806666666666667,0.8686666666666667,0.01200000000000001,0.44766666666666666,0.55,-0.006007198797421842,0.018007198797421853,0.029133333333333334,0.051,0.044179756599829874,0.009096781860444622,0.00013945027162232115,0.5090618888888889,0.06832073945762224,0.045255060728744946,-0.0024813584209326667,0.06043055549814125,-0.006333333333333302,-0.006007198797421842,-0.0006666666666666765
synthetic,prior,base,prior@0.25,0.25,mlp,1,0.8756666666666667,0.8643333333333333,0.011333333333333417,0.44766666666666666,0.55,-0.0008007091616148987,0.012134042494948316,0.029133333333333334,0.051,0.044179756599829874,0.009096781860444622,0.00013945027162232115,0.5090618888888889,0.06811325634928242,0.04535998615437868,-0.005005836796483698,0.059673261792760224,-0.007333333333333303,-0.0008007091616148987,-0.007333333333333331
synthetic,prior,base,prior@0.5,0.5,logreg,1,0.801,0.7926666666666666,0.008333333333333415,0.44766666666666666,0.6,-9.227429101943407e-05,0.008425607624352849,0.028566666666666667,0.07133333333333333,0.046063960350905854,0.009329183928049146,0.0009762087693675481,0.5217402222222222,0.11721328019030185,0.06711049808429122,0.003817533847921495,0.05427461791277788,0.012666666666666715,-9.227429101943407e-05,-0.0006666666666666765
synthetic,prior,base,prior@0.5,0.5,gbdt,1,0.8806666666666667,0.877,0.003666666666666707,0.44766666666666666,0.6,-0.0013713574823922547,0.005038024149058962,0.028566666666666667,0.07133333333333333,0.046063960350905854,0.009329183928049146,0.0009762087693675481,0.5217402222222222,0.10534804318395934,0.06068769680611788,0.0009551114869041921,0.09021955121932568,-0.0050000000000000044,-0.0013713574823922547,-0.0006666666666666765
synthetic,prior,base,prior@0.5,0.5,mlp,1,0.8756666666666667,0.8756666666666667,0.0,0.44766666666666666,0.6,-0.0008115073075356527,0.0008115073075356527,0.028566666666666667,0.07133333333333333,0.046063960350905854,0.009329183928049146,0.0009762087693675481,0.5217402222222222,0.10534179569909377,0.06069205030575747,-0.002559568514991395,0.094404498630138,-0.010333333333333306,-0.0008115073075356527,-0.00566666666666666
synthetic,prior,base,prior@1.0,1.0,logreg,1,0.801,0.778,0.02300000000000002,0.44766666666666666,0.7,0.009231537619181829,0.013768462380818192,0.04086666666666667,0.13833333333333334,0.06968279024231046,0.018503783454868562,0.0036899790254052434,0.5766985555555556,0.214771500704646,0.11496061302681998,0.008031796924066636,0.09822872057939458,0.021333333333333426,0.009231537619181829,0.012333333333333335
synthetic,prior,base,prior@1.0,1.0,gbdt,1,0.8806666666666667,0.8666666666666667,0.014000000000000012,0.44766666666666666,0.7,0.0019229793743170687,0.012077020625682944,0.04086666666666667,0.13833333333333334,0.06968279024231046,0.018503783454868562,0.0036899790254052434,0.5766985555555556,0.19803780870292578,0.10847818263607743,0.001988118262918559,0.16067285616434313,-0.0013333333333332975,0.0019229793743170687,0.012333333333333335
synthetic,prior,base,prior@1.0,1.0,mlp,1,0.8756666666666667,0.874,0.0016666666666667052,0.44766666666666666,0.7,0.004312371621233657,-0.002645704954566952,0.04086666666666667,0.13833333333333334,0.06968279024231046,0.018503783454868562,0.0036899790254052434,0.5766985555555556,0.19963768957873032,0.10963216799353873,-0.002555387253246111,0.16544094478981541,-0.0016666666666665941,0.004312371621233657,-0.010333333333333326
synthetic,prior,base,prior@1.5,1.5,logreg,1,0.801,0.7733333333333333,0.027666666666666728,0.44766666666666666,0.8,0.007545226036935415,0.020121440629731313,0.04763333333333333,0.168,0.08329215338965157,0.028599218187333925,0.006403833525801095,0.6168078888888888,0.2794960144880165,0.14957134099616867,0.00788399698718012,0.12782462192034438,0.016000000000000014,0.007545226036935415,0.011666666666666659
synthetic,prior,base,prior@1.5,1.5,gbdt,1,0.8806666666666667,0.8826666666666667,-0.0020000000000000018,0.44766666666666666,0.8,0.0019195452320299733,-0.003919545232029975,0.04763333333333333,0.168,0.08329215338965157,0.028599218187333925,0.006403833525801095,0.6168078888888888,0.24674852510971115,0.13541250562303203,0.003940558036832464,0.22991679521482877,-0.005333333333333301,0.0019195452320299733,0.011666666666666659
synthetic,prior,base,prior@1.5,1.5,mlp,1,0.8756666666666667,0.8946666666666667,-0.019000000000000017,0.44766666666666666,0.8,0.004989127061516108,-0.023989127061516125,0.04763333333333333,0.168,0.08329215338965157,0.028599218187333925,0.006403833525801095,0.6168078888888888,0.2466681044513608,0.13631152647975078,-0.003415796237482005,0.23551486243238728,-0.009000000000000008,0.004989127061516108,-0.00633333333333333
synthetic,prior,base,prior@2.0,2.0,logreg,1,0.801,0.7583333333333333,0.04266666666666674,0.44766666666666666,0.9,0.022931726099593486,0.019734940567073256,0.059333333333333335,0.22033333333333333,0.10520509191951119,0.04507216795348161,0.009779067461297308,0.6749984444444445,0.36374703117748586,0.18834360153256718,0.018156551747223637,0.16681688170992715,0.04533333333333334,0.022931726099593486,0.023333333333333317
synthetic,prior,base,prior@2.0,2.0,gbdt,1,0.8806666666666667,0.876,0.004666666666666708,0.44766666666666666,0.9,0.0053106779682297045,-0.0006440113015629967,0.059333333333333335,0.22033333333333333,0.10520509191951119,0.04507216795348161,0.009779067461297308,0.6749984444444445,0.3257440132808055,0.17255476833108424,0.010033916505329588,0.29109083953979675,0.010666666666666713,0.0053106779682297045,0.023333333333333317
synthetic,prior,base,prior@2.0,2.0,mlp,1,0.8756666666666667,0.8946666666666667,-0.019000000000000017,0.44766666666666666,0.9,0.007214722257141037,-0.026214722257141054,0.059333333333333335,0.22033333333333333,0.10520509191951119,0.04507216795348161,0.009779067461297308,0.6749984444444445,0.3270266554446995,0.17410880350755742,-0.0014449471801993852,0.3027563037973934,-0.014333333333333309,0.007214722257141037,-0.0016666666666666635
synthetic,important,base,important@0.0,0.0,logreg,2,0.799,0.8063333333333333,-0.007333333333333303,0.44666666666666666,0.447,-4.2433578984257814e-05,-0.007290899754349045,0.022266666666666667,0.03,0.03362673045548427,0.007424057088377396,0.0001379875529252672,0.5103218888888889,0.026785138490645483,0.01938569284642321,-0.0011602639446860463,0.0058068903715551845,-0.005666666666666598,-4.2433578984257814e-05,0.004333333333333328
synthetic,important,base,important@0.0,0.0,gbdt,2,0.8763333333333333,0.8826666666666667,-0.006333333333333413,0.44666666666666666,0.447,-0.0035993473053702596,-0.0027339860279631534,0.022266666666666667,0.03,0.03362673045548427,0.007424057088377396,0.0001379875529252672,0.5103218888888889,0.02691293095582084,0.019870455347687967,-0.00018337989986250136,0.012386306328563912,0.0006666666666665932,-0.0035993473053702596,0.004333333333333328
synthetic,important,base,important@0.0,0.0,mlp,2,0.8746666666666667,0.8823333333333333,-0.0076666666666665995,0.44666666666666666,0.447,0.0002627691544341282,-0.007929435821100728,0.022266666666666667,0.03,0.03362673045548427,0.007424057088377396,0.0001379875529252672,0.5103218888888889,0.027002289659318505,0.019805546045874707,0.0009325801191785166,0.009965620804216424,0.004666666666666708,0.0002627691544341282,-0.0013333333333333322
synthetic,important,base,important@0.25,0.25,logreg,2,0.799,0.8076666666666666,-0.0086666666666666,0.44666666666666666,0.5683333333333334,-0.00737000746114691,-0.0012966592055196902,0.048333333333333325,0.13033333333333333,0.09547374229643239,0.024581634528366522,0.00629586338536503,0.5797721111111112,0.2623017809114065,0.12679139569784884,-0.0013930687557992538,0.1109424604587756,-0.006000000000000005,-0.00737000746114691,-0.0013333333333333253
synthetic,important,base,important@0.25,0.25,gbdt,2,0.8763333333333333,0.8776666666666667,-0.0013333333333334085,0.44666666666666666,0.5683333333333334,-0.007203867772791472,0.005870534439458064,0.048333333333333325,0.13033333333333333,0.09547374229643239,0.024581634528366522,0.00629586338536503,0.5797721111111112,0.25869688089311915,0.12251547240851864,-0.0002661479901400199,0.11416949350999583,-0.004666666666666708,-0.007203867772791472,-0.0013333333333333253
synthetic,important,base,important@0.25,0.25,mlp,2,0.8746666666666667,0.8776666666666667,-0.0030000000000000027,0.44666666666666666,0.5683333333333334,-0.0016864605617780137,-0.001313539438221989,0.048333333333333325,0.13033333333333333,0.09547374229643239,0.024581634528366522,0.00629586338536503,0.5797721111111112,0.2536408955256154,0.12014081935410247,0.0007099386307055644,0.11115005731172528,0.014000000000000012,-0.0016864605617780137,0.0010000000000000009
synthetic,important,base,important@0.5,0.5,logreg,2,0.799,0.8373333333333334,-0.03833333333333333,0.44666666666666666,0.6656666666666666,-0.015182771634852377,-0.023150561698480954,0.08080000000000001,0.213,0.17286152705526786,0.07357237854606294,0.023050044131391667,0.6943847777777777,0.48715254131808183,0.21029531432382848,-0.019653023424376914,0.20462457171477139,-0.03199999999999992,-0.015182771634852377,-0.01899999999999999
synthetic,important,base,important@0.5,0.5,gbdt,2,0.8763333333333333,0.9023333333333333,-0.026000000000000023,0.44666666666666666,0.6656666666666666,-0.01762161796944861,-0.008378382030551412,0.08080000000000001,0.213,0.17286152705526786,0.07357237854606294,0.023050044131391667,0.6943847777777777,0.4819156539560985,0.208014589951759,-0.00935491251848164,0.2124001970224345,-0.017000000000000015,-0.01762161796944861,-0.01899999999999999
synthetic,important,base,important@0.5,0.5,mlp,2,0.8746666666666667,0.9,-0.02533333333333332,0.44666666666666666,0.6656666666666666,-0.016742172278582768,-0.008591161054750551,0.08080000000000001,0.213,0.17286152705526786,0.07357237854606294,0.023050044131391667,0.6943847777777777,0.47401637783863787,0.20461816729430557,-0.013984438227183649,0.21386797733544544,-0.01100000000000001,-0.016742172278582768,-0.008666666666666663
synthetic,important,base,important@1.0,1.0,logreg,2,0.799,0.8833333333333333,-0.08433333333333326,0.44666666666666666,0.8296666666666667,-0.07764110820729575,-0.00669222512603751,0.13263333333333333,0.392,0.318266195743491,0.27953812912101755,0.09282703033462014,0.8714011111111111,0.976925109654238,0.38434583958645974,-0.08497837351063153,0.36983763156080546,-0.10499999999999998,-0.07764110820729575,-0.048666666666666664
synthetic,important,base,important@1.0,1.0,gbdt,2,0.8763333333333333,0.9346666666666666,-0.05833333333333335,0.44666666666666666,0.8296666666666667,-0.05678109963559619,-0.0015522336977371598,0.13263333333333333,0.392,0.318266195743491,0.27953812912101755,0.09282703033462014,0.8714011111111111,0.9768434292534451,0.3840767149076361,-0.03623986431900872,0.36323142493113214,-0.05600000000000005,-0.05678109963559619,-0.048666666666666664
synthetic,important,base,important@1.0,1.0,mlp,2,0.8746666666666667,0.9366666666666666,-0.061999999999999944,0.44666666666666666,0.8296666666666667,-0.03745535670469202,-0.024544643295307922,0.13263333333333333,0.392,0.318266195743491,0.27953812912101755,0.09282703033462014,0.8714011111111111,0.9585478237093382,0.3772240100422229,-0.051062134837342454,0.3703604897673956,-0.05699999999999994,-0.03745535670469202,-0.025
synthetic,important,base,important@1.5,1.5,logreg,2,0.799,0.916,-0.11699999999999999,0.44666666666666666,0.9016666666666666,-0.10327937839019086,-0.013720621609809136,0.17806666666666665,0.5516666666666666,0.4674959182381845,0.5843331978017572,0.1937791897460135,0.9562082222222223,1.4597586488332985,0.5355941303985324,-0.15836020441002596,0.47029946346497814,-0.16666666666666663,-0.10327937839019086,-0.07166666666666666
synthetic,important,base,important@1.5,1.5,gbdt,2,0.8763333333333333,0.955,-0.07866666666666666,0.44666666666666666,0.9016666666666666,-0.07827314828386256,-0.00039351838280410334,0.17806666666666665,0.5516666666666666,0.4674959182381845,0.5843331978017572,0.1937791897460135,0.9562082222222223,1.4601814883726723,0.5355408871631956,-0.04800785432620325,0.4281189135768836,-0.07666666666666666,-0.07827314828386256,-0.07166666666666666
synthetic,important,base,important@1.5,1.5,mlp,2,0.8746666666666667,0.9493333333333334,-0.07466666666666666,0.44666666666666666,0.9016666666666666,-0.0660701506691338,-0.008596515997532861,0.17806666666666665,0.5516666666666666,0.4674959182381845,0.5843331978017572,0.1937791897460135,0.9562082222222223,1.4330320645773171,0.5259067670888965,-0.07249755659678081,0.44767598097139244,-0.07266666666666666,-0.0660701506691338,-0.008
synthetic,important,base,important@2.0,2.0,logreg,2,0.799,0.955,-0.15599999999999992,0.44666666666666666,0.954,-0.11008322324483932,-0.04591677675516059,0.22333333333333333,0.695,0.6283283438564677,1.0254167840256327,0.33078265043261645,0.9902626666666666,2.009830762956651,0.6886723361680837,-0.2069213265685994,0.5272887234739738,-0.19466666666666665,-0.11008322324483932,-0.09733333333333333
synthetic,important,base,important@2.0,2.0,gbdt,2,0.8763333333333333,0.9696666666666667,-0.09333333333333338,0.44666666666666666,0.954,-0.0705105426783651,-0.022822790654968284,0.22333333333333333,0.695,0.6283283438564677,1.0254167840256327,0.33078265043261645,0.9902626666666666,2.003424343560408,0.6849957642075537,-0.04288460424437246,0.4531646533424849,-0.10066666666666668,-0.0705105426783651,-0.09733333333333333
synthetic,important,base,important@2.0,2.0,mlp,2,0.8746666666666667,0.957,-0.08233333333333326,0.44666666666666666,0.954,-0.0461898824804684,-0.036143450852864856,0.22333333333333333,0.695,0.6283283438564677,1.0254167840256327,0.33078265043261645,0.9902626666666666,1.96417385129491,0.6722933926737418,-0.08720425523361064,0.48874274666351997,-0.08966666666666667,-0.0461898824804684,-0.017
synthetic,spread,base,spread@0.0,0.0,logreg,2,0.799,0.8026666666666666,-0.003666666666666596,0.44666666666666666,0.4633333333333333,0.0015259892332208924,-0.005192655899887488,0.023899999999999998,0.03266666666666666,0.034531327518698286,0.006868103710778947,-0.0003386922658072944,0.5017294444444445,0.03057472041210719,0.027997165249291307,-0.0019693776148032027,0.013573312841494378,-0.017999999999999905,0.0015259892332208924,0.0020000000000000018
synthetic,spread,base,spread@0.0,0.0,gbdt,2,0.8763333333333333,0.8846666666666667,-0.008333333333333415,0.44666666666666666,0.4633333333333333,0.0023171112093490764,-0.010650444542682491,0.023899999999999998,0.03266666666666666,0.034531327518698286,0.006868103710778947,-0.0003386922658072944,0.5017294444444445,0.030259120224605095,0.02656265442993293,-0.0036151454115965764,0.017303740713512372,-0.01200000000000001,0.0023171112093490764,0.0020000000000000018
synthetic,spread,base,spread@0.0,0.0,mlp,2,0.8746666666666667,0.8796666666666667,-0.0050000000000000044,0.44666666666666666,0.4633333333333333,-0.0005880244587143091,-0.004411975541285695,0.023899999999999998,0.03266666666666666,0.034531327518698286,0.006868103710778947,-0.0003386922658072944,0.5017294444444445,0.030681255353444528,0.026620906082391878,-0.004873653686421342,0.015113731782318507,-0.011666666666666603,-0.0005880244587143091,-0.005999999999999998
synthetic,spread,base,spread@0.25,0.25,logreg,2,0.799,0.7566666666666667,0.042333333333333334,0.44666666666666666,0.44966666666666666,0.06300048774342559,-0.02066715441009226,0.03336666666666667,0.06733333333333333,0.06997819685011339,0.018800406998343334,0.0017653915218054372,0.5803768888888889,0.1241303457884761,0.04449741537435384,-0.018380364607040733,0.00841101826234364,-0.03199999999999992,0.06300048774342559,0.04466666666666666
synthetic,spread,base,spread@0.25,0.25,gbdt,2,0.8763333333333333,0.8773333333333333,-0.0010000000000000009,0.44666666666666666,0.44966666666666666,0.009890515002590194,-0.010890515002590195,0.03336666666666667,0.06733333333333333,0.06997819685011339,0.018800406998343334,0.0017653915218054372,0.5803768888888889,0.14316756335701689,0.048688198611601355,0.006995848048849007,0.01761141723507642,0.0040000000000000036,0.009890515002590194,0.04466666666666666
synthetic,spread,base,spread@0.25,0.25,mlp,2,0.8746666666666667,0.878,-0.0033333333333332993,0.44666666666666666,0.44966666666666666,-0.0009628248923778671,-0.0023705084409554322,0.03336666666666667,0.06733333333333333,0.06997819685011339,0.018800406998343334,0.0017653915218054372,0.5803768888888889,0.13764386837269577,0.04742451215337213,0.002451870009878454,0.01551368650229018,0.0010000000000000009,-0.0009628248923778671,0.005666666666666667
synthetic,spread,base,spread@0.5,0.5,logreg,2,0.799,0.7056666666666667,0.09333333333333338,0.44666666666666666,0.4776666666666667,0.11203784339418132,-0.018704510060847945,0.0407,0.11866666666666667,0.10849293903429844,0.04800068043708194,0.007342874620114848,0.6633242222222222,0.22408491773773087,0.06811789227947304,-0.029430215366588408,0.023010631690100813,-0.04366666666666663,0.11203784339418132,0.11066666666666666
synthetic,spread,base,spread@0.5,0.5,gbdt,2,0.8763333333333333,0.8736666666666667,0.002666666666666595,0.44666666666666666,0.4776666666666667,0.008521739006293272,-0.005855072339626677,0.0407,0.11866666666666667,0.10849293903429844,0.04800068043708194,0.007342874620114848,0.6633242222222222,0.27336161352782157,0.08086927873867512,0.013361327619465069,0.028809031077822178,0.01200000000000001,0.008521739006293272,0.11066666666666666
synthetic,spread,base,spread@0.5,0.5,mlp,2,0.8746666666666667,0.8733333333333333,0.0013333333333334085,0.44666666666666666,0.4776666666666667,0.02733093540444076,-0.02599760207110735,0.0407,0.11866666666666667,0.10849293903429844,0.04800068043708194,0.007342874620114848,0.6633242222222222,0.26204821394277844,0.07826395070181445,0.0034244453552504384,0.02205885121308515,0.002666666666666706,0.02733093540444076,0.015333333333333338
synthetic,spread,base,spread@1.0,1.0,logreg,2,0.799,0.6213333333333333,0.17766666666666675,0.44666666666666666,0.459,0.16657206110766176,0.011094605559004989,0.054733333333333335,0.183,0.1915612144541214,0.10810425975405365,0.030555423322051856,0.7785776666666666,0.4194371541662686,0.09659296314824077,-0.06248015044998545,0.024443810242911646,-0.07866666666666666,0.16657206110766176,0.2086666666666667
synthetic,spread,base,spread@1.0,1.0,gbdt,2,0.8763333333333333,0.84,0.03633333333333333,0.44666666666666666,0.459,0.025182421225322882,0.011150912108010447,0.054733333333333335,0.183,0.1915612144541214,0.10810425975405365,0.030555423322051856,0.7785776666666666,0.5203050327917573,0.11556418402164957,0.02265179446241461,0.023315477659231088,0.02499999999999991,0.025182421225322882,0.2086666666666667
synthetic,spread,base,spread@1.0,1.0,mlp,2,0.8746666666666667,0.835,0.03966666666666674,0.44666666666666666,0.459,0.04124381685616618,-0.0015771501894994433,0.054733333333333335,0.183,0.1915612144541214,0.10810425975405365,0.030555423322051856,0.7785776666666666,0.4973120329587925,0.11112758187835219,-0.0009127407900575424,0.018811708230984048,0.0016666666666667052,0.04124381685616618,0.041999999999999996
synthetic,spread,base,spread@1.5,1.5,logreg,2,0.799,0.6066666666666667,0.19233333333333336,0.44666666666666666,0.44066666666666665,0.16719001704252556,0.025143316290807793,0.058399999999999994,0.21166666666666667,0.2639642159329763,0.15339132992973106,0.056834702695059414,0.8379344444444444,0.5920031981698317,0.10974270468567617,-0.0769892108125747,0.01115690607028652,-0.08966666666666667,0.16719001704252556,0.264
synthetic,spread,base,spread@1.5,1.5,gbdt,2,0.8763333333333333,0.8233333333333334,0.052999999999999936,0.44666666666666666,0.44066666666666665,0.015075308831279388,0.03792469116872055,0.058399999999999994,0.21166666666666667,0.2639642159329763,0.15339132992973106,0.056834702695059414,0.8379344444444444,0.7454896758245103,0.13573326273679254,0.026470852412502466,0.017102644027232772,0.015666666666666607,0.015075308831279388,0.264
synthetic,spread,base,spread@1.5,1.5,mlp,2,0.8746666666666667,0.7976666666666666,0.07700000000000007,0.44666666666666666,0.44066666666666665,0.03423886815063759,0.04276113184936248,0.058399999999999994,0.21166666666666667,0.2639642159329763,0.15339132992973106,0.056834702695059414,0.8379344444444444,0.712489450356523,0.1305373730457606,-0.013723445955468816,0.006685671292023132,-0.019333333333333313,0.03423886815063759,0.050666666666666665
synthetic,spread,base,spread@2.0,2.0,logreg,2,0.799,0.5773333333333334,0.22166666666666668,0.44666666666666666,0.4716666666666667,0.16037499286770773,0.061291673798958946,0.06793333333333332,0.25066666666666665,0.3509496345742972,0.21184479980865584,0.0908185726011268,0.8975503333333333,0.7770626953448421,0.12686243121560775,-0.09810697757500764,0.03225405241734525,-0.10833333333333328,0.16037499286770773,0.33099999999999996
synthetic,spread,base,spread@2.0,2.0,gbdt,2,0.8763333333333333,0.8016666666666666,0.07466666666666666,0.44666666666666666,0.4716666666666667,0.07374147953473964,0.0009251871319270188,0.06793333333333332,0.25066666666666665,0.3509496345742972,0.21184479980865584,0.0908185726011268,0.8975503333333333,0.9938186961332943,0.15812413225085298,0.034246256368139494,0.03743817956489942,0.02833333333333332,0.07374147953473964,0.33099999999999996
synthetic,spread,base,spread@2.0,2.0,mlp,2,0.8746666666666667,0.7513333333333333,0.1233333333333334,0.44666666666666666,0.4716666666666667,0.09117841919634406,0.03215491413698934,0.06793333333333332,0.25066666666666665,0.3509496345742972,0.21184479980865584,0.0908185726011268,0.8975503333333333,0.9497189211128316,0.15186899463654002,-0.019070774933002244,0.028297819310462435,-0.02066666666666661,0.09117841919634406,0.07266666666666667
synthetic,irrelevant,base,irrelevant@0.0,0.0,logreg,2,0.799,0.797,0.0020000000000000018,0.44666666666666666,0.4563333333333333,0.0013967728436716786,0.0006032271563283231,0.021366666666666666,0.033,0.03502231219816271,0.006902841859032298,-0.0003791237615452525,0.5,0.04221766237878212,0.021793229948307482,-0.0015890734552900243,0.006214631201232057,-0.018999999999999906,0.0013967728436716786,-0.0006666666666666488
synthetic,irrelevant,base,irrelevant@0.0,0.0,gbdt,2,0.8763333333333333,0.8723333333333333,0.0040000000000000036,0.44666666666666666,0.4563333333333333,0.00031427547545370693,0.0036857245245462966,0.021366666666666666,0.033,0.03502231219816271,0.006902841859032298,-0.0003791237615452525,0.5,0.04025968216451687,0.020684080480056478,0.003932328333180357,0.009380668302533035,0.0040000000000000036,0.00031427547545370693,-0.0006666666666666488
synthetic,irrelevant,base,irrelevant@0.0,0.0,mlp,2,0.8746666666666667,0.87,0.004666666666666708,0.44666666666666666,0.4563333333333333,0.004760308583581452,-9.3641916914744e-05,0.021366666666666666,0.033,0.03502231219816271,0.006902841859032298,-0.0003791237615452525,0.5,0.04027670341162873,0.020740043364144697,0.0007153062516271902,0.009070727051287364,0.0050000000000000044,0.004760308583581452,0.0013333333333333322
synthetic,irrelevant,base,irrelevant@0.25,0.25,logreg,2,0.799,0.8023333333333333,-0.0033333333333332993,0.44666666666666666,0.4543333333333333,0.024598227036684017,-0.027931560370017317,0.07913333333333333,0.126,0.1781254289896232,0.04463439414988488,0.011757274595545986,0.6399716666666666,0.036529342658603726,0.023446723361680858,0.0036243631874074422,0.011130022768589654,0.0013333333333334085,0.024598227036684017,0.008666666666666684
synthetic,irrelevant,base,irrelevant@0.25,0.25,gbdt,2,0.8763333333333333,0.8796666666666667,-0.0033333333333334103,0.44666666666666666,0.4543333333333333,-0.0003611472926273729,-0.0029721860407060374,0.07913333333333333,0.126,0.1781254289896232,0.04463439414988488,0.011757274595545986,0.6399716666666666,0.03655909031413764,0.02324261677844455,0.0029788266165214905,0.015221856399631528,-0.0020000000000000018,-0.0003611472926273729,0.008666666666666684
synthetic,irrelevant,base,irrelevant@0.25,0.25,mlp,2,0.8746666666666667,0.8803333333333333,-0.005666666666666598,0.44666666666666666,0.4543333333333333,0.003291552584856028,-0.008958219251522626,0.07913333333333333,0.126,0.1781254289896232,0.04463439414988488,0.011757274595545986,0.6399716666666666,0.040491423929363175,0.024834189204610307,0.001168343137900929,0.014651289614934615,0.0,0.003291552584856028,-0.006999999999999999
synthetic,irrelevant,base,irrelevant@0.5,0.5,logreg,2,0.799,0.8086666666666666,-0.009666666666666601,0.44666666666666666,0.45266666666666666,0.04016684244233859,-0.04983350910900519,0.15003333333333332,0.21733333333333332,0.35451299248053275,0.16636236577992528,0.05551221621336733,0.7980175555555555,0.04090520944643263,0.032195097548774435,-0.00033280420715209313,0.0022168108786528307,-0.0043333333333333,0.04016684244233859,-0.0016666666666666496
synthetic,irrelevant,base,irrelevant@0.5,0.5,gbdt,2,0.8763333333333333,0.873,0.0033333333333332993,0.44666666666666666,0.45266666666666666,-0.0026070192204522558,0.005940352553785555,0.15003333333333332,0.21733333333333332,0.35451299248053275,0.16636236577992528,0.05551221621336733,0.7980175555555555,0.04172975915765233,0.031289210495352444,0.0015220302820887488,0.01194178514805222,-0.0050000000000000044,-0.0026070192204522558,-0.0016666666666666496
synthetic,irrelevant,base,irrelevant@0.5,0.5,mlp,2,0.8746666666666667,0.8836666666666667,-0.009000000000000008,0.44666666666666666,0.45266666666666666,0.0025712630509074907,-0.011571263050907499,0.15003333333333332,0.21733333333333332,0.35451299248053275,0.16636236577992528,0.05551221621336733,0.7980175555555555,0.04965850291356558,0.03445520940317247,-0.0010088170014469489,0.014388330925134307,-0.0043333333333333,0.0025712630509074907,-0.006999999999999999
synthetic,irrelevant,base,irrelevant@1.0,1.0,logreg,2,0.799,0.8043333333333333,-0.005333333333333301,0.44666666666666666,0.44633333333333336,0.02242078922446855,-0.027754122557801852,0.2809666666666667,0.4076666666666667,0.7181856479651898,0.6638125283977226,0.20504112991657852,0.9607532222222223,0.03647943653051433,0.021949141237285412,0.0006001261663979296,0.005450588356324171,-0.014333333333333309,0.02242078922446855,-0.0003333333333333244
synthetic,irrelevant,base,irrelevant@1.0,1.0,gbdt,2,0.8763333333333333,0.8813333333333333,-0.0050000000000000044,0.44666666666666666,0.44633333333333336,-0.004935119651609754,-6.488034839025048e-05,0.2809666666666667,0.4076666666666667,0.7181856479651898,0.6638125283977226,0.20504112991657852,0.9607532222222223,0.03957116096356156,0.022932227320861396,0.0013676805809565984,0.014700611040702194,-0.0030000000000000027,-0.004935119651609754,-0.0003333333333333244
synthetic,irrelevant,base,irrelevant@1.0,1.0,mlp,2,0.8746666666666667,0.8753333333333333,-0.0006666666666665932,0.44666666666666666,0.44633333333333336,0.001281354722054151,-0.0019480213887207443,0.2809666666666667,0.4076666666666667,0.7181856479651898,0.6638125283977226,0.20504112991657852,0.9607532222222223,0.057431647649663756,0.029792536802464988,-0.0014336564239032512,0.022725208272486586,-0.002666666666666595,0.001281354722054151,0.004333333333333335
synthetic,irrelevant,base,irrelevant@1.5,1.5,logreg,2,0.799,0.794,0.0050000000000000044,0.44666666666666666,0.44633333333333336,0.04083902240838344,-0.035839022408383436,0.39426666666666665,0.5706666666666667,1.0718670245772852,1.4141837398734374,0.4038853892527142,0.9957268888888888,0.0364100222934304,0.02199249624812421,0.002420605011561827,0.0077078419726891445,0.005666666666666709,0.04083902240838344,0.00633333333333333
synthetic,irrelevant,base,irrelevant@1.5,1.5,gbdt,2,0.8763333333333333,0.8763333333333333,0.0,0.44666666666666666,0.44633333333333336,0.028855470094117486,-0.028855470094117486,0.39426666666666665,0.5706666666666667,1.0718670245772852,1.4141837398734374,0.4038853892527142,0.9957268888888888,0.04296271551533754,0.024591363689846032,0.0035312437529750884,0.023800669776984862,0.004666666666666597,0.028855470094117486,0.00633333333333333
synthetic,irrelevant,base,irrelevant@1.5,1.5,mlp,2,0.8746666666666667,0.86,0.014666666666666717,0.44666666666666666,0.44633333333333336,0.03366873946857829,-0.019002072801911574,0.39426666666666665,0.5706666666666667,1.0718670245772852,1.4141837398734374,0.4038853892527142,0.9957268888888888,0.07030454343499093,0.034394271368252995,8.796184581771893e-05,0.041311975933793155,0.005666666666666709,0.03366873946857829,0.02266666666666667
synthetic,irrelevant,base,irrelevant@2.0,2.0,logreg,2,0.799,0.8006666666666666,-0.0016666666666665941,0.44666666666666666,0.456,-0.11158176128950836,0.10991509462284177,0.48790000000000006,0.6946666666666667,1.4142725999129426,2.3128080730484233,0.6050188893908441,0.9996145555555556,0.03841357058136095,0.023901117225279486,0.00016941570327444477,0.017127617268195616,0.0,-0.11158176128950836,-0.0020000000000000018
synthetic,irrelevant,base,irrelevant@2.0,2.0,gbdt,2,0.8763333333333333,0.8706666666666667,0.005666666666666598,0.44666666666666666,0.456,-0.018493870214145725,0.024160536880812322,0.48790000000000006,0.6946666666666667,1.4142725999129426,2.3128080730484233,0.6050188893908441,0.9996145555555556,0.048238407180740815,0.02744475820684808,0.003988570210206155,0.040786298521091,0.0023333333333332984,-0.018493870214145725,-0.0020000000000000018
synthetic,irrelevant,base,irrelevant@2.0,2.0,mlp,2,0.8746666666666667,0.85,0.024666666666666726,0.44666666666666666,0.456,-0.01644363402518023,0.04111030069184696,0.48790000000000006,0.6946666666666667,1.4142725999129426,2.3128080730484233,0.6050188893908441,0.9996145555555556,0.08417135521312898,0.03969314161816744,-0.004182958842111062,0.06331970296863909,-0.005666666666666598,-0.01644363402518023,0.026999999999999996
synthetic,concept,base,concept@0.0,0.0,logreg,2,0.799,0.789,0.010000000000000009,0.44666666666666666,0.441,0.010202369701067138,-0.00020236970106712882,0.020933333333333335,0.029666666666666668,0.028813406446428012,0.004868485476595752,-0.0002516576800046799,0.5,0.03317570486066705,0.025469901617475393,-0.0006450492222251913,0.00830882112165332,-0.017999999999999905,0.010202369701067138,0.00466666666666668
synthetic,concept,base,concept@0.0,0.0,gbdt,2,0.8763333333333333,0.871,0.005333333333333301,0.44666666666666666,0.441,0.004306763999362695,0.0010265693339706061,0.020933333333333335,0.029666666666666668,0.028813406446428012,0.004868485476595752,-0.0002516576800046799,0.5,0.031812721261613726,0.023982703847511475,0.0043653915496054685,0.011302269554710032,0.0,0.004306763999362695,0.00466666666666668
synthetic,concept,base,concept@0.0,0.0,mlp,2,0.8746666666666667,0.8716666666666667,0.0030000000000000027,0.44666666666666666,0.441,0.0029263235330854176,7.367646691458507e-05,0.020933333333333335,0.029666666666666668,0.028813406446428012,0.004868485476595752,-0.0002516576800046799,0.5,0.031630192843902824,0.02405317813534178,0.00455887567190616,0.00813637132891859,0.009333333333333416,0.0029263235330854176,-0.0029999999999999957
synthetic,concept,base,concept@0.25,0.25,logreg,2,0.799,0.7756666666666666,0.023333333333333428,0.44666666666666666,0.46066666666666667,0.012406258460048059,0.01092707487328537,0.02443333333333333,0.038,0.04054953210656168,0.007108365323622162,5.312391585532428e-05,0.5,0.04751260211474393,0.02962714690678672,0.004613920179973641,0.017469654941115964,-0.005666666666666598,0.012406258460048059,0.016666666666666663
synthetic,concept,base,concept@0.25,0.25,gbdt,2,0.8763333333333333,0.871,0.005333333333333301,0.44666666666666666,0.46066666666666667,0.007083501231664124,-0.0017501678983308233,0.02443333333333333,0.038,0.04054953210656168,0.007108365323622162,5.312391585532428e-05,0.5,0.04530285141629777,0.0285884221673138,0.004840286699863139,0.02731643787128646,0.0010000000000000009,0.007083501231664124,0.016666666666666663
synthetic,concept,base,concept@0.25,0.25,mlp,2,0.8746666666666667,0.8626666666666667,0.01200000000000001,0.44666666666666666,0.46066666666666667,0.004000056202584923,0.007999943797415088,0.02443333333333333,0.038,0.04054953210656168,0.007108365323622162,5.312391585532428e-05,0.5,0.044658853972826915,0.02819833390391419,0.004740456664689474,0.025179836093238428,0.008666666666666711,0.004000056202584923,0.004666666666666666
synthetic,concept,base,concept@0.5,0.5,logreg,2,0.799,0.7463333333333333,0.05266666666666675,0.44666666666666666,0.44233333333333336,0.007998275340620142,0.04466839132604661,0.02316666666666667,0.034,0.032803862523941886,0.0062850193288506925,-0.00025087763983833167,0.5,0.034351632488950824,0.02477005169251292,0.0006795076554009238,0.007594199710214022,-0.0040000000000000036,0.007998275340620142,-0.002333333333333326
synthetic,concept,base,concept@0.5,0.5,gbdt,2,0.8763333333333333,0.8286666666666667,0.047666666666666635,0.44666666666666666,0.44233333333333336,-0.0009684756963841412,0.048635142363050776,0.02316666666666667,0.034,0.032803862523941886,0.0062850193288506925,-0.00025087763983833167,0.5,0.032079391345519966,0.02343652194375809,0.005134690178815626,0.01044087156745871,0.003666666666666596,-0.0009684756963841412,-0.002333333333333326
synthetic,concept,base,concept@0.5,0.5,mlp,2,0.8746666666666667,0.8273333333333334,0.04733333333333334,0.44666666666666666,0.44233333333333336,-0.006216771755846451,0.05355010508917979,0.02316666666666667,0.034,0.032803862523941886,0.0062850193288506925,-0.00025087763983833167,0.5,0.03214638712991072,0.02359317585301838,0.0029592442929122775,0.008175057992363843,0.00666666666666671,-0.006216771755846451,0.0016666666666666705
synthetic,concept,base,concept@1.0,1.0,logreg,2,0.799,0.671,0.128,0.44666666666666666,0.454,0.0029052544909008438,0.12509474550909916,0.0217,0.035,0.03009654849412169,0.006949406142261906,-0.00034574420378430393,0.5,0.029102318855563514,0.020858262464565614,-0.00173557467194696,0.0051999653761491405,-0.012666666666666604,0.0029052544909008438,-0.0006666666666666488
synthetic,concept,base,concept@1.0,1.0,gbdt,2,0.8763333333333333,0.759,0.11733333333333329,0.44666666666666666,0.454,0.003431462408516439,0.11390187092481685,0.0217,0.035,0.03009654849412169,0.006949406142261906,-0.00034574420378430393,0.5,0.0321995375215606,0.022710436521943753,0.0010614047133685744,0.016332832959248034,-0.006000000000000005,0.003431462408516439,-0.0006666666666666488
synthetic,concept,base,concept@1.0,1.0,mlp,2,0.8746666666666667,0.7556666666666667,0.119,0.44666666666666666,0.454,0.0029890467591382475,0.11601095324086175,0.0217,0.035,0.03009654849412169,0.006949406142261906,-0.00034574420378430393,0.5,0.032089101361631275,0.022716193084560084,-0.0007573773856420773,0.011903313411271377,-0.008000000000000007,0.0029890467591382475,-0.0029999999999999957
synthetic,concept,base,concept@1.5,1.5,logreg,2,0.799,0.5843333333333334,0.21466666666666667,0.44666666666666666,0.46,0.0068742505327231695,0.2077924161339435,0.0228,0.04066666666666666,0.03495558212348196,0.0060703742693697296,-0.0002274630844212311,0.5022376666666667,0.03432515580835607,0.02166599966649991,0.0016367618504677939,0.0014732489147818995,-0.01733333333333331,0.0068742505327231695,-0.0026666666666666505
synthetic,concept,base,concept@1.5,1.5,gbdt,2,0.8763333333333333,0.6543333333333333,0.22199999999999998,0.44666666666666666,0.46,0.0004075976840629547,0.22159240231593702,0.0228,0.04066666666666666,0.03495558212348196,0.0060703742693697296,-0.0002274630844212311,0.5022376666666667,0.03361311907839477,0.020275914813507476,0.0013273385841209295,0.0025072129417539335,0.0010000000000000009,0.0004075976840629547,-0.0026666666666666505
synthetic,concept,base,concept@1.5,1.5,mlp,2,0.8746666666666667,0.6543333333333333,0.22033333333333338,0.44666666666666666,0.46,0.0009034835093193472,0.21942984982401403,0.0228,0.04066666666666666,0.03495558212348196,0.0060703742693697296,-0.0002274630844212311,0.5022376666666667,0.033176170407673,0.020328083989501314,-0.0018858092357106893,0.0012785479993321358,-0.005333333333333301,0.0009034835093193472,-0.008333333333333331
synthetic,concept,base,concept@2.0,2.0,logreg,2,0.799,0.515,0.28400000000000003,0.44666666666666666,0.42633333333333334,-0.007530044176850659,0.2915300441768507,0.018666666666666668,0.035,0.02656224213806312,0.004818971811605425,-0.0005544985898031651,0.5,0.04174283330483677,0.02995897948974486,-0.0016286286570543762,0.010838395200331363,-0.025999999999999912,-0.007530044176850659,-0.0010000000000000009
synthetic,concept,base,concept@2.0,2.0,gbdt,2,0.8763333333333333,0.5953333333333334,0.2809999999999999,0.44666666666666666,0.42633333333333334,-0.005872472881289337,0.28687247288128925,0.018666666666666668,0.035,0.02656224213806312,0.004818971811605425,-0.0005544985898031651,0.5,0.03804243034954091,0.027366866690198846,-0.0003741866069651989,0.01363968627238954,-0.008333333333333415,-0.005872472881289337,-0.0010000000000000009
synthetic,concept,base,concept@2.0,2.0,mlp,2,0.8746666666666667,0.5916666666666667,0.28300000000000003,0.44666666666666666,0.42633333333333334,-0.004741318157824748,0.2877413181578248,0.018666666666666668,0.035,0.02656224213806312,0.004818971811605425,-0.0005544985898031651,0.5,0.03807704498620751,0.027228118224352393,0.0007431104116986109,0.014835162743321806,0.0030000000000000027,-0.004741318157824748,0.003333333333333334
synthetic,prior,base,prior@0.0,0.0,logreg,2,0.799,0.8026666666666666,-0.003666666666666596,0.44666666666666666,0.5,0.012045886119085747,-0.015712552785752343,0.024066666666666667,0.034666666666666665,0.038413055634809734,0.0068692814790575945,8.051157102451079e-06,0.5050972222222222,0.04811592064016819,0.033889944972486236,0.006489988690938642,0.018777823732392562,0.0006666666666667043,0.012045886119085747,0.0010000000000000009
synthetic,prior,base,prior@0.0,0.0,gbdt,2,0.8763333333333333,0.8816666666666667,-0.005333333333333412,0.44666666666666666,0.5,0.00787544385055694,-0.013208777183890352,0.024066666666666667,0.034666666666666665,0.038413055634809734,0.0068692814790575945,8.051157102451079e-06,0.5050972222222222,0.04875240213695745,0.033666078362160255,0.0045528388727904545,0.04013238526137097,0.012333333333333307,0.00787544385055694,0.0010000000000000009
synthetic,prior,base,prior@0.0,0.0,mlp,2,0.8746666666666667,0.8706666666666667,0.0040000000000000036,0.44666666666666666,0.5,0.007626134841416277,-0.003626134841416273,0.024066666666666667,0.034666666666666665,0.038413055634809734,0.0068692814790575945,8.051157102451079e-06,0.5050972222222222,0.048597263863841396,0.0333591235878124,0.0029811324617807777,0.03429433889888045,0.0020000000000000018,0.007626134841416277,-0.004666666666666666
synthetic,prior,base,prior@0.25,0.25,logreg,2,0.799,0.8053333333333333,-0.006333333333333302,0.44666666666666666,0.55,0.005151084123642624,-0.011484417456975926,0.0317,0.08066666666666666,0.045410354150518736,0.008585182236892022,-5.8833514557932176e-05,0.5132,0.0988084605572846,0.06729481407370348,0.0012714067412908925,0.04371323970180713,-0.003666666666666596,0.005151084123642624,0.005333333333333329
synthetic,prior,base,prior@0.25,0.25,gbdt,2,0.8763333333333333,0.8906666666666667,-0.01433333333333342,0.44666666666666666,0.55,-0.0037570448240556997,-0.01057628850927772,0.0317,0.08066666666666666,0.045410354150518736,0.008585182236892022,-5.8833514557932176e-05,0.5132,0.0901963776866237,0.06218202141428403,-0.00027337440143904157,0.07885162652286615,-0.0076666666666667105,-0.0037570448240556997,0.005333333333333329
synthetic,prior,base,prior@0.25,0.25,mlp,2,0.8746666666666667,0.886,-0.011333333333333306,0.44666666666666666,0.55,-0.0016068034495461125,-0.009726529883787194,0.0317,0.08066666666666666,0.045410354150518736,0.008585182236892022,-5.8833514557932176e-05,0.5132,0.0879842540006023,0.06052870021682071,-0.0012139161397977105,0.07506832104360667,-0.003666666666666596,-0.0016068034495461125,-0.0036666666666666653
synthetic,prior,base,prior@0.5,0.5,logreg,2,0.799,0.7966666666666666,0.0023333333333334094,0.44666666666666666,0.6,0.019826437370459082,-0.017493104037125673,0.032,0.089,0.04834532997202383,0.012469913146851863,0.00010662833664432103,0.5324747777777777,0.13140131942479674,0.08706836751709184,0.009251266331098518,0.056967744608287185,0.005333333333333412,0.019826437370459082,0.01100000000000001
synthetic,prior,base,prior@0.5,0.5,gbdt,2,0.8763333333333333,0.8756666666666667,0.0006666666666665932,0.44666666666666666,0.6,0.0056718236132495825,-0.005005156946582989,0.032,0.089,0.04834532997202383,0.012469913146851863,0.00010662833664432103,0.5324747777777777,0.11515166715281759,0.07791493116837275,0.006731931751907672,0.1106171309636016,0.0033333333333332993,0.0056718236132495825,0.01100000000000001
synthetic,prior,base,prior@0.5,0.5,mlp,2,0.8746666666666667,0.8733333333333333,0.0013333333333334085,0.44666666666666666,0.6,0.006838592118450726,-0.005505258785117317,0.032,0.089,0.04834532997202383,0.012469913146851863,0.00010662833664432103,0.5324747777777777,0.1133707037436296,0.0761289512723953,0.007175436055230078,0.10798465852382716,0.01100000000000001,0.006838592118450726,0.0006666666666666696
synthetic,prior,base,prior@1.0,1.0,logreg,2,0.799,0.7856666666666666,0.01333333333333342,0.44666666666666666,0.7,0.008910943165997609,0.00442239016733581,0.04286666666666666,0.14866666666666667,0.07283675088334736,0.02229627835687242,0.0042147717683562735,0.5856906666666667,0.2422769953059072,0.12931682507920622,0.007112498121430555,0.10978332685317488,0.004666666666666708,0.008910943165997609,0.009666666666666685
synthetic,prior,base,prior@1.0,1.0,gbdt,2,0.8763333333333333,0.87,0.006333333333333302,0.44666666666666666,0.7,0.0011415531791277855,0.005191780154205516,0.04286666666666666,0.14866666666666667,0.07283675088334736,0.02229627835687242,0.0042147717683562735,0.5856906666666667,0.21588020808686983,0.11795728909283443,0.0063802938330936865,0.17466090188320804,0.009333333333333305,0.0011415531791277855,0.009666666666666685
synthetic,prior,base,prior@1.0,1.0,mlp,2,0.8746666666666667,0.8696666666666667,0.0050000000000000044,0.44666666666666666,0.7,0.0019558487134749836,0.003044151286525021,0.04286666666666666,0.14866666666666667,0.07283675088334736,0.02229627835687242,0.0042147717683562735,0.5856906666666667,0.2104372796981308,0.11453988360150633,0.005685986352262917,0.16935124225941495,0.004333333333333411,0.0019558487134749836,0.0026666666666666644
synthetic,prior,base,prior@1.5,1.5,logreg,2,0.799,0.781,0.018000000000000016,0.44666666666666666,0.8,0.023666988285309776,-0.00566698828530976,0.051633333333333344,0.193,0.08726229714772532,0.03150650904235462,0.006060412432009055,0.6276244444444445,0.2997774531820368,0.16538402534600627,0.013181845643925771,0.13460964232908507,0.011333333333333417,0.023666988285309776,0.015333333333333338
synthetic,prior,base,prior@1.5,1.5,gbdt,2,0.8763333333333333,0.8723333333333333,0.0040000000000000036,0.44666666666666666,0.8,-0.0005982345586779125,0.004598234558677916,0.051633333333333344,0.193,0.08726229714772532,0.03150650904235462,0.006060412432009055,0.6276244444444445,0.26461109363607244,0.1497785621837863,0.007781395183216189,0.23886812213614972,0.0076666666666665995,-0.0005982345586779125,0.015333333333333338
synthetic,prior,base,prior@1.5,1.5,mlp,2,0.8746666666666667,0.8696666666666667,0.0050000000000000044,0.44666666666666666,0.8,0.0051934636318372585,-0.000193463631837254,0.051633333333333344,0.193,0.08726229714772532,0.03150650904235462,0.006060412432009055,0.6276244444444445,0.2577859369496959,0.145143672258359,0.012970611947930921,0.23289057193335444,0.019333333333333425,0.0051934636318372585,0.0036666666666666653
synthetic,prior,base,prior@2.0,2.0,logreg,2,0.799,0.752,0.04700000000000004,0.44666666666666666,0.9,0.022868017485707992,0.02413198251429205,0.057800000000000004,0.22233333333333333,0.09934012418469443,0.050615416575236646,0.00939685849908245,0.6713407777777778,0.3803882281014618,0.20846156411539093,0.013565840354270553,0.1684301852731474,0.011333333333333417,0.022868017485707992,0.021333333333333343
synthetic,prior,base,prior@2.0,2.0,gbdt,2,0.8763333333333333,0.8733333333333333,0.0030000000000000027,0.44666666666666666,0.9,0.002641533422509279,0.00035846657749072364,0.057800000000000004,0.22233333333333333,0.09934012418469443,0.050615416575236646,0.00939685849908245,0.6713407777777778,0.3320707775169498,0.1856104247558536,0.009163120222787091,0.30070089602477157,0.0043333333333333,0.002641533422509279,0.021333333333333343
synthetic,prior,base,prior@2.0,2.0,mlp,2,0.8746666666666667,0.857,0.01766666666666672,0.44666666666666666,0.9,0.003607979502544101,0.014058687164122619,0.057800000000000004,0.22233333333333333,0.09934012418469443,0.050615416575236646,0.00939685849908245,0.6713407777777778,0.3244174638402419,0.1804376355129522,0.012419363749168633,0.2960244841869925,0.016000000000000014,0.003607979502544101,-0.0020000000000000018
